Running: corr_clust (rank=5)
==== corr_clust TT-IPM Batch Run Started at Tue  2 Jun 16:54:07 BST 2026 ====

▶ Running dim=9 with config=configs/corr_clust_9.yaml at Tue  2 Jun 16:54:07 BST 2026

===== Processing Rank: 5 =====
Running seed 295
Creating Problem for dim=9, rank=5...
===Terminated Graph Sampling=== rank:  [3, 4, 5, 4, 4, 4, 3, 3]
===Terminated Graph Sampling=== rank:  [1, 1, 1, 1, 1, 1, 1, 1]
Actual graph TT-rank: [3, 4, 5, 4, 4, 4, 3, 3]
Obj TT-rank: [3, 6, 8, 7, 8, 7, 6, 3]
it 000 | main   | XZ  | ineq=active   | mu=1.37e-01 eta=1.00e-03 sigma=5.00e-01 | err c/p/d=1.07e-03/1.06e+01/1.20e+01 | ok=cpd | rmax X/Y/Z/T=6/1/1/5
	Attention: Exited at iteration 100 with accuracies 
[0.]
not reaching the requested tolerance 1e-08.
Use iteration 87 instead with accuracy 
2.0812777169725118e-08.

	Attention: Exited at iteration 100 with accuracies 
[0.]
not reaching the requested tolerance 1e-08.
Use iteration 7 instead with accuracy 
1.771964857891686e-08.

	Attention: Exited at iteration 100 with accuracies 
[0.]
not reaching the requested tolerance 1e-08.
Use iteration 41 instead with accuracy 
1.3942754188893746e-08.

	Attention: Exited at iteration 100 with accuracies 
[0.]
not reaching the requested tolerance 1e-08.
Use iteration 7 instead with accuracy 
7.565732260977836e-08.

	Attention: Exited at iteration 100 with accuracies 
[0.]
not reaching the requested tolerance 1e-08.
Use iteration 1 instead with accuracy 
6.781307435437293e-08.

	Attention: Exited at iteration 100 with accuracies 
[0.]
not reaching the requested tolerance 1e-08.
Use iteration 30 instead with accuracy 
1.9997042053956036e-08.

	Attention: Exited at iteration 100 with accuracies 
[0.]
not reaching the requested tolerance 1e-08.
Use iteration 30 instead with accuracy 
1.999704309731301e-08.

	Attention: Exited at iteration 100 with accuracies 
[0.]
not reaching the requested tolerance 1e-08.
Use iteration 1 instead with accuracy 
6.781307421181236e-08.

	Attention: Exited at iteration 100 with accuracies 
[0.]
not reaching the requested tolerance 1e-08.
Use iteration 6 instead with accuracy 
6.853103156312263e-08.

	Attention: Exited at iteration 100 with accuracies 
[0.]
not reaching the requested tolerance 1e-08.
Use iteration 57 instead with accuracy 
2.8026874507718493e-08.

it 001 | main   | XZ  | ineq=active   | mu=1.62e-02 eta=1.00e-03 sigma=2.28e-03 | err c/p/d=8.63e-04/8.62e-01/1.02e+01 | ok=cpd | rmax X/Y/Z/T=30/4/12/12
	Attention: Exited at iteration 100 with accuracies 
[0.]
not reaching the requested tolerance 1e-08.
Use iteration 3 instead with accuracy 
1.9132712380843087e-08.

	Attention: Exited at iteration 100 with accuracies 
[0.]
not reaching the requested tolerance 1e-08.
Use iteration 7 instead with accuracy 
2.247526715031349e-08.

	Attention: Exited at iteration 100 with accuracies 
[0.]
not reaching the requested tolerance 1e-08.
Use iteration 15 instead with accuracy 
1.993638096894674e-08.

	Attention: Exited at iteration 100 with accuracies 
[0.]
not reaching the requested tolerance 1e-08.
Use iteration 16 instead with accuracy 
1.2606446659086478e-08.

it 002 | main   | XZ  | ineq=active   | mu=1.35e-03 eta=1.00e-03 sigma=2.99e-02 | err c/p/d=2.61e-04/3.59e-01/1.96e+00 | ok=cpd | rmax X/Y/Z/T=47/4/21/20
it 003 | main   | AHO | ineq=active   | mu=2.82e-03 eta=1.00e-03 sigma=6.49e-01 | err c/p/d=2.50e-04/2.90e-01/1.76e+00 | ok=cpd | rmax X/Y/Z/T=76/4/29/29
it 004 | main   | AHO | ineq=active   | mu=3.97e-04 eta=7.95e-04 sigma=3.16e-02 | err c/p/d=5.40e-05/1.40e-01/5.66e-02 | ok=Cpd | rmax X/Y/Z/T=81/6/33/32
it 005 | main   | AHO | ineq=active   | mu=3.86e-04 eta=7.71e-04 sigma=0.00e+00 | err c/p/d=4.39e-05/6.63e-03/4.18e-03 | ok=Cpd | rmax X/Y/Z/T=81/6/33/32
it 006 | main   | AHO | ineq=active   | mu=3.87e-04 eta=7.71e-04 sigma=0.00e+00 | err c/p/d=4.38e-05/1.39e-04/2.12e-03 | ok=CPd | rmax X/Y/Z/T=81/6/32/32
it 007 | finish | AHO | ineq=active   | mu=3.88e-04 eta=7.71e-04 sigma=0.00e+00 | err c/p/d=4.39e-05/1.45e-05/8.97e-04 | ok=CPD | rmax X/Y/Z/T=81/6/32/32
it 008 | finish | AHO | ineq=active   | mu=2.67e-04 eta=5.33e-04 sigma=0.00e+00 | err c/p/d=2.96e-05/4.62e-04/3.79e-03 | ok=CPd | rmax X/Y/Z/T=85/6/35/34
it 009 | finish | AHO | ineq=active   | mu=2.24e-04 eta=4.48e-04 sigma=0.00e+00 | err c/p/d=2.46e-05/6.84e-04/4.50e-03 | ok=Cpd | rmax X/Y/Z/T=90/6/35/35
it 010 | finish | AHO | ineq=active   | mu=1.91e-04 eta=3.81e-04 sigma=0.00e+00 | err c/p/d=2.06e-05/9.09e-04/4.69e-03 | ok=Cpd | rmax X/Y/Z/T=91/6/35/35
it 011 | finish | AHO | ineq=active   | mu=1.68e-04 eta=3.36e-04 sigma=0.00e+00 | err c/p/d=1.77e-05/9.85e-04/4.81e-03 | ok=Cpd | rmax X/Y/Z/T=99/6/35/35
it 012 | finish | AHO | ineq=active   | mu=1.45e-04 eta=2.89e-04 sigma=0.00e+00 | err c/p/d=1.49e-05/9.63e-04/4.87e-03 | ok=Cpd | rmax X/Y/Z/T=104/6/35/35
it 013 | finish | AHO | ineq=active   | mu=1.08e-04 eta=2.17e-04 sigma=0.00e+00 | err c/p/d=1.08e-05/8.74e-04/4.55e-03 | ok=Cpd | rmax X/Y/Z/T=108/6/36/36
it 014 | finish | AHO | ineq=active   | mu=5.20e-05 eta=1.04e-04 sigma=0.00e+00 | err c/p/d=4.89e-06/4.31e-04/3.27e-03 | ok=CPd | rmax X/Y/Z/T=114/6/37/37
it 015 | finish | AHO | ineq=active   | mu=1.13e-05 eta=1.00e-04 sigma=0.00e+00 | err c/p/d=1.04e-06/1.80e-04/8.76e-04 | ok=CPD | rmax X/Y/Z/T=121/6/37/37
it 016 | finish | AHO | ineq=active   | mu=5.32e-06 eta=1.00e-04 sigma=0.00e+00 | err c/p/d=4.86e-07/2.43e-04/4.65e-04 | ok=CPD | rmax X/Y/Z/T=255/9/110/86
---Terminated---
Terminated in 16 iterations.
Ranks: X=[5, 17, 56, 178, 255, 65, 17, 5], Z=[5, 11, 38, 110, 91, 35, 13, 5], Y=[2, 3, 6, 8, 9, 6, 4, 2], T=[7, 14, 37, 86, 67, 30, 13, 7]
Run terminated after 16 iterations. Compl Slackness: 5.0373e-02. Feasibility error: 9.4766e-07. Dual Feasibility error: 3.4619e-06.
Run terminated in 13376.68s. Memory: 8899.80 MB.
Seed 295 terminated (feasibility error: 9.48e-07, dual feasibility error: 3.46e-06, slackness: 5.04e-02). Suggesting a new seed.
New seed suggested: 267
Creating Problem for dim=9, rank=5...
===Terminated Graph Sampling=== rank:  [3, 4, 5, 5, 4, 3, 2, 2]
===Terminated Graph Sampling=== rank:  [1, 1, 1, 1, 1, 1, 1, 1]
Actual graph TT-rank: [3, 4, 5, 5, 4, 3, 2, 2]
Obj TT-rank: [3, 6, 10, 13, 7, 5, 4, 3]
it 000 | main   | XZ  | ineq=active   | mu=1.37e-01 eta=1.00e-03 sigma=5.00e-01 | err c/p/d=1.31e-03/1.06e+01/1.19e+01 | ok=cpd | rmax X/Y/Z/T=6/1/1/5
	Attention: Exited at iteration 100 with accuracies 
[0.]
not reaching the requested tolerance 1e-08.
Use iteration 7 instead with accuracy 
1.2261033196271633e-08.

	Attention: Exited at iteration 100 with accuracies 
[0.]
not reaching the requested tolerance 1e-08.
Use iteration 7 instead with accuracy 
1.070278227314644e-08.

	Attention: Exited at iteration 100 with accuracies 
[0.]
not reaching the requested tolerance 1e-08.
Use iteration 10 instead with accuracy 
1.1061930068612924e-08.

it 001 | main   | XZ  | ineq=active   | mu=2.80e-02 eta=1.00e-03 sigma=2.61e-03 | err c/p/d=1.07e-03/2.05e+00/1.00e+01 | ok=cpd | rmax X/Y/Z/T=39/6/13/12
it 002 | main   | XZ  | ineq=active   | mu=2.35e-03 eta=1.00e-03 sigma=1.82e-02 | err c/p/d=4.08e-04/2.09e-01/6.37e+00 | ok=cpd | rmax X/Y/Z/T=75/6/34/34
it 003 | main   | AHO | ineq=active   | mu=3.36e-03 eta=1.00e-03 sigma=3.27e-01 | err c/p/d=4.08e-04/1.70e-01/5.62e+00 | ok=cpd | rmax X/Y/Z/T=85/8/35/35
it 004 | main   | AHO | ineq=active   | mu=1.13e-03 eta=1.00e-03 sigma=9.15e-02 | err c/p/d=1.80e-04/7.85e-02/1.89e+00 | ok=cpd | rmax X/Y/Z/T=86/8/37/36
it 005 | main   | AHO | ineq=active   | mu=9.78e-04 eta=1.00e-03 sigma=6.15e-01 | err c/p/d=1.57e-04/5.55e-02/1.50e+00 | ok=cpd | rmax X/Y/Z/T=86/8/36/36
it 006 | main   | AHO | ineq=active   | mu=8.83e-04 eta=1.00e-03 sigma=7.48e-01 | err c/p/d=1.43e-04/4.98e-02/1.27e+00 | ok=cpd | rmax X/Y/Z/T=86/8/36/35
it 007 | main   | AHO | ineq=active   | mu=8.25e-04 eta=1.00e-03 sigma=8.09e-01 | err c/p/d=1.34e-04/4.50e-02/1.13e+00 | ok=cpd | rmax X/Y/Z/T=86/8/36/35
it 008 | main   | AHO | ineq=active   | mu=7.95e-04 eta=1.00e-03 sigma=8.59e-01 | err c/p/d=1.30e-04/3.99e-02/1.05e+00 | ok=cpd | rmax X/Y/Z/T=86/8/36/35
it 009 | main   | AHO | ineq=active   | mu=7.72e-04 eta=1.00e-03 sigma=8.85e-01 | err c/p/d=1.27e-04/3.62e-02/9.88e-01 | ok=cpd | rmax X/Y/Z/T=86/8/36/35
it 010 | main   | AHO | ineq=active   | mu=7.47e-04 eta=1.00e-03 sigma=8.96e-01 | err c/p/d=1.24e-04/3.35e-02/9.28e-01 | ok=cpd | rmax X/Y/Z/T=86/8/35/35
it 011 | main   | AHO | ineq=active   | mu=6.78e-04 eta=1.00e-03 sigma=8.29e-01 | err c/p/d=1.13e-04/3.12e-02/7.89e-01 | ok=cpd | rmax X/Y/Z/T=86/8/35/35
it 012 | main   | AHO | ineq=active   | mu=6.39e-04 eta=1.00e-03 sigma=8.51e-01 | err c/p/d=1.07e-04/2.61e-02/7.03e-01 | ok=cpd | rmax X/Y/Z/T=86/8/35/35
it 013 | main   | AHO | ineq=active   | mu=6.07e-04 eta=1.00e-03 sigma=8.62e-01 | err c/p/d=1.01e-04/2.20e-02/6.26e-01 | ok=cpd | rmax X/Y/Z/T=86/8/35/34
it 014 | main   | AHO | ineq=active   | mu=5.67e-04 eta=1.00e-03 sigma=8.63e-01 | err c/p/d=9.46e-05/1.87e-02/5.49e-01 | ok=Cpd | rmax X/Y/Z/T=86/8/35/34
it 015 | main   | AHO | ineq=active   | mu=5.67e-04 eta=1.00e-03 sigma=0.00e+00 | err c/p/d=9.31e-05/7.95e-04/2.77e-02 | ok=Cpd | rmax X/Y/Z/T=86/8/36/34
it 016 | main   | AHO | ineq=active   | mu=5.73e-04 eta=1.00e-03 sigma=0.00e+00 | err c/p/d=9.40e-05/1.82e-05/3.11e-03 | ok=CPd | rmax X/Y/Z/T=86/8/36/34
it 017 | finish | AHO | ineq=active   | mu=5.73e-04 eta=1.00e-03 sigma=0.00e+00 | err c/p/d=9.46e-05/6.52e-05/4.60e-04 | ok=CPD | rmax X/Y/Z/T=86/8/36/34
it 018 | finish | AHO | ineq=active   | mu=4.28e-04 eta=8.55e-04 sigma=0.00e+00 | err c/p/d=6.52e-05/6.11e-04/3.35e-03 | ok=Cpd | rmax X/Y/Z/T=86/8/35/34
it 019 | finish | AHO | ineq=active   | mu=3.34e-04 eta=6.67e-04 sigma=0.00e+00 | err c/p/d=4.78e-05/1.10e-03/5.24e-03 | ok=Cpd | rmax X/Y/Z/T=86/8/34/35
it 020 | finish | AHO | ineq=active   | mu=2.67e-04 eta=5.33e-04 sigma=0.00e+00 | err c/p/d=3.65e-05/1.41e-03/6.50e-03 | ok=Cpd | rmax X/Y/Z/T=88/8/35/35
it 021 | finish | AHO | ineq=active   | mu=2.13e-04 eta=4.26e-04 sigma=0.00e+00 | err c/p/d=2.79e-05/1.52e-03/6.50e-03 | ok=Cpd | rmax X/Y/Z/T=89/8/35/34
it 022 | finish | AHO | ineq=active   | mu=1.73e-04 eta=3.45e-04 sigma=0.00e+00 | err c/p/d=2.18e-05/1.52e-03/6.46e-03 | ok=Cpd | rmax X/Y/Z/T=90/8/36/35
it 023 | finish | AHO | ineq=active   | mu=1.63e-04 eta=3.25e-04 sigma=0.00e+00 | err c/p/d=2.04e-05/1.56e-03/6.51e-03 | ok=Cpd | rmax X/Y/Z/T=90/8/36/35
it 024 | finish | AHO | ineq=active   | mu=1.59e-04 eta=3.18e-04 sigma=0.00e+00 | err c/p/d=1.99e-05/1.57e-03/6.51e-03 | ok=Cpd | rmax X/Y/Z/T=90/8/36/35
it 025 | finish | AHO | ineq=active   | mu=1.57e-04 eta=3.13e-04 sigma=0.00e+00 | err c/p/d=1.96e-05/1.57e-03/6.54e-03 | ok=Cpd | rmax X/Y/Z/T=90/8/36/35
it 026 | finish | AHO | ineq=active   | mu=1.55e-04 eta=3.10e-04 sigma=0.00e+00 | err c/p/d=1.94e-05/1.58e-03/6.61e-03 | ok=Cpd | rmax X/Y/Z/T=90/8/36/35
---Terminated---
Terminated in 26 iterations.
Ranks: X=[5, 17, 60, 90, 27, 9, 7, 5], Z=[5, 15, 35, 36, 13, 7, 6, 5], Y=[2, 4, 6, 8, 4, 2, 2, 2], T=[7, 18, 35, 32, 12, 7, 5, 5]
Run terminated after 26 iterations. Compl Slackness: 8.4387e-01. Feasibility error: 3.9769e-05. Dual Feasibility error: 6.9803e-04.
Run terminated in 5906.10s. Memory: 1908.72 MB.
Rerun with new seed 267 terminated. Feasibility error: 3.98e-05, dual feasibility error: 6.98e-04, slackness: 8.44e-01
Seed 267 terminated (feasibility error: 3.98e-05, dual feasibility error: 6.98e-04, slackness: 8.44e-01). Suggesting a new seed.
New seed suggested: 604
Creating Problem for dim=9, rank=5...
===Terminated Graph Sampling=== rank:  [3, 4, 4, 4, 4, 5, 3, 3]
===Terminated Graph Sampling=== rank:  [1, 1, 1, 1, 1, 1, 1, 1]
Actual graph TT-rank: [3, 4, 4, 4, 4, 5, 3, 3]
Obj TT-rank: [3, 5, 6, 8, 8, 10, 6, 3]
it 000 | main   | XZ  | ineq=active   | mu=1.68e-01 eta=1.00e-03 sigma=5.00e-01 | err c/p/d=1.47e-03/1.06e+01/1.19e+01 | ok=cpd | rmax X/Y/Z/T=6/1/1/5
	Attention: Exited at iteration 100 with accuracies 
[0.0002]
not reaching the requested tolerance 1e-08.
Use iteration 2 instead with accuracy 
1.8030742618620797e-08.

	Attention: Exited at iteration 100 with accuracies 
[0.0002]
not reaching the requested tolerance 1e-08.
Use iteration 2 instead with accuracy 
1.6769965289816637e-08.

	Attention: Exited at iteration 100 with accuracies 
[0.0001]
not reaching the requested tolerance 1e-08.
Use iteration 2 instead with accuracy 
1.6586143137640372e-08.

	Attention: Exited at iteration 100 with accuracies 
[0.0001]
not reaching the requested tolerance 1e-08.
Use iteration 2 instead with accuracy 
1.9216355403033002e-08.

	Attention: Exited at iteration 100 with accuracies 
[0.]
not reaching the requested tolerance 1e-08.
Use iteration 1 instead with accuracy 
1.4108517670933316e-08.

	Attention: Exited at iteration 100 with accuracies 
[0.0001]
not reaching the requested tolerance 1e-08.
Use iteration 7 instead with accuracy 
2.0611665889556802e-08.

	Attention: Exited at iteration 100 with accuracies 
[0.0004]
not reaching the requested tolerance 1e-08.
Use iteration 5 instead with accuracy 
2.2884404954551665e-08.

	Attention: Exited at iteration 100 with accuracies 
[0.0008]
not reaching the requested tolerance 1e-08.
Use iteration 4 instead with accuracy 
2.516411436991608e-08.

	Attention: Exited at iteration 100 with accuracies 
[0.0006]
not reaching the requested tolerance 1e-08.
Use iteration 2 instead with accuracy 
1.9929958057607065e-08.

	Attention: Exited at iteration 100 with accuracies 
[0.0009]
not reaching the requested tolerance 1e-08.
Use iteration 1 instead with accuracy 
1.5702106583169387e-08.

	Attention: Exited at iteration 100 with accuracies 
[0.0004]
not reaching the requested tolerance 1e-08.
Use iteration 1 instead with accuracy 
1.4177234557323129e-08.

	Attention: Exited at iteration 100 with accuracies 
[0.]
not reaching the requested tolerance 1e-08.
Use iteration 3 instead with accuracy 
1.985157709576121e-08.

	Attention: Exited at iteration 100 with accuracies 
[0.0001]
not reaching the requested tolerance 1e-08.
Use iteration 6 instead with accuracy 
1.4929549886755944e-08.

	Attention: Exited at iteration 100 with accuracies 
[0.0003]
not reaching the requested tolerance 1e-08.
Use iteration 4 instead with accuracy 
3.4860893083113823e-08.

	Attention: Exited at iteration 100 with accuracies 
[0.0004]
not reaching the requested tolerance 1e-08.
Use iteration 4 instead with accuracy 
3.150524072106534e-08.

	Attention: Exited at iteration 100 with accuracies 
[0.0003]
not reaching the requested tolerance 1e-08.
Use iteration 2 instead with accuracy 
2.6512226949151357e-08.

	Attention: Exited at iteration 100 with accuracies 
[0.0001]
not reaching the requested tolerance 1e-08.
Use iteration 21 instead with accuracy 
1.5442682445431005e-08.

	Attention: Exited at iteration 100 with accuracies 
[0.0003]
not reaching the requested tolerance 1e-08.
Use iteration 3 instead with accuracy 
1.604577916760865e-08.

	Attention: Exited at iteration 100 with accuracies 
[0.001]
not reaching the requested tolerance 1e-08.
Use iteration 5 instead with accuracy 
2.4500710763682926e-08.

	Attention: Exited at iteration 100 with accuracies 
[0.0007]
not reaching the requested tolerance 1e-08.
Use iteration 2 instead with accuracy 
1.9267641017923795e-08.

	Attention: Exited at iteration 100 with accuracies 
[0.0002]
not reaching the requested tolerance 1e-08.
Use iteration 1 instead with accuracy 
1.7305202562158333e-08.

	Attention: Exited at iteration 100 with accuracies 
[0.0004]
not reaching the requested tolerance 1e-08.
Use iteration 4 instead with accuracy 
1.789527369151067e-08.

	Attention: Exited at iteration 100 with accuracies 
[0.0004]
not reaching the requested tolerance 1e-08.
Use iteration 6 instead with accuracy 
3.17569958874104e-08.

	Attention: Exited at iteration 100 with accuracies 
[0.0004]
not reaching the requested tolerance 1e-08.
Use iteration 2 instead with accuracy 
1.631709518466846e-08.

	Attention: Exited at iteration 100 with accuracies 
[0.0006]
not reaching the requested tolerance 1e-08.
Use iteration 1 instead with accuracy 
1.5549172238419556e-08.

	Attention: Exited at iteration 100 with accuracies 
[0.0001]
not reaching the requested tolerance 1e-08.
Use iteration 1 instead with accuracy 
1.4999717817403534e-08.

	Attention: Exited at iteration 100 with accuracies 
[0.0001]
not reaching the requested tolerance 1e-08.
Use iteration 1 instead with accuracy 
1.499393831365883e-08.

	Attention: Exited at iteration 100 with accuracies 
[0.0006]
not reaching the requested tolerance 1e-08.
Use iteration 10 instead with accuracy 
2.3576196759250895e-08.

	Attention: Exited at iteration 100 with accuracies 
[0.0004]
not reaching the requested tolerance 1e-08.
Use iteration 4 instead with accuracy 
2.2484098259040952e-08.

	Attention: Exited at iteration 100 with accuracies 
[0.0001]
not reaching the requested tolerance 1e-08.
Use iteration 2 instead with accuracy 
1.2822757847057298e-08.

	Attention: Exited at iteration 100 with accuracies 
[0.]
not reaching the requested tolerance 1e-08.
Use iteration 55 instead with accuracy 
3.95970612111387e-08.

	Attention: Exited at iteration 100 with accuracies 
[0.]
not reaching the requested tolerance 1e-08.
Use iteration 70 instead with accuracy 
3.854474783711452e-08.

	Attention: Exited at iteration 100 with accuracies 
[0.]
not reaching the requested tolerance 1e-08.
Use iteration 64 instead with accuracy 
3.188424187197637e-08.

	Attention: Exited at iteration 100 with accuracies 
[0.]
not reaching the requested tolerance 1e-08.
Use iteration 75 instead with accuracy 
2.4241473049107013e-08.

	Attention: Exited at iteration 100 with accuracies 
[0.001]
not reaching the requested tolerance 1e-08.
Use iteration 2 instead with accuracy 
2.8482071820095942e-08.

	Attention: Exited at iteration 100 with accuracies 
[0.]
not reaching the requested tolerance 1e-08.
Use iteration 65 instead with accuracy 
2.2490530940080773e-07.

	Attention: Exited at iteration 100 with accuracies 
[0.0002]
not reaching the requested tolerance 1e-08.
Use iteration 3 instead with accuracy 
3.742616790283703e-06.

	Attention: Exited at iteration 100 with accuracies 
[0.0002]
not reaching the requested tolerance 1e-08.
Use iteration 2 instead with accuracy 
3.607523888283291e-06.

	Attention: Exited at iteration 100 with accuracies 
[0.0002]
not reaching the requested tolerance 1e-08.
Use iteration 5 instead with accuracy 
3.74920319451967e-06.

	Attention: Exited at iteration 100 with accuracies 
[0.]
not reaching the requested tolerance 1e-08.
Use iteration 11 instead with accuracy 
5.697754022621534e-06.

	Attention: Exited at iteration 100 with accuracies 
[0.]
not reaching the requested tolerance 1e-08.
Use iteration 17 instead with accuracy 
1.562617949253022e-06.

	Attention: Exited at iteration 100 with accuracies 
[0.]
not reaching the requested tolerance 1e-08.
Use iteration 24 instead with accuracy 
1.7032644026968336e-06.

	Attention: Exited at iteration 100 with accuracies 
[0.0001]
not reaching the requested tolerance 1e-08.
Use iteration 41 instead with accuracy 
1.8454495726445336e-06.

	Attention: Exited at iteration 100 with accuracies 
[0.]
not reaching the requested tolerance 1e-08.
Use iteration 10 instead with accuracy 
5.009715324330595e-07.

	Attention: Exited at iteration 100 with accuracies 
[0.]
not reaching the requested tolerance 1e-08.
Use iteration 6 instead with accuracy 
5.132633488474435e-07.

	Attention: Exited at iteration 100 with accuracies 
[0.]
not reaching the requested tolerance 1e-08.
Use iteration 11 instead with accuracy 
5.322342181592965e-07.

	Attention: Exited at iteration 100 with accuracies 
[0.]
not reaching the requested tolerance 1e-08.
Use iteration 9 instead with accuracy 
5.049365883175326e-07.

	Attention: Exited at iteration 100 with accuracies 
[0.]
not reaching the requested tolerance 1e-08.
Use iteration 19 instead with accuracy 
8.562095204133342e-07.

	Attention: Exited at iteration 100 with accuracies 
[0.]
not reaching the requested tolerance 1e-08.
Use iteration 4 instead with accuracy 
5.072228312031322e-07.

	Attention: Exited at iteration 100 with accuracies 
[0.]
not reaching the requested tolerance 1e-08.
Use iteration 11 instead with accuracy 
1.7395474346815462e-06.

	Attention: Exited at iteration 100 with accuracies 
[0.]
not reaching the requested tolerance 1e-08.
Use iteration 11 instead with accuracy 
1.2490936441755385e-06.

	Attention: Exited at iteration 100 with accuracies 
[0.]
not reaching the requested tolerance 1e-08.
Use iteration 8 instead with accuracy 
1.4020103959788353e-06.

	Attention: Exited at iteration 100 with accuracies 
[0.]
not reaching the requested tolerance 1e-08.
Use iteration 22 instead with accuracy 
1.396347936037518e-06.

	Attention: Exited at iteration 100 with accuracies 
[0.]
not reaching the requested tolerance 1e-08.
Use iteration 10 instead with accuracy 
1.0560122652403397e-06.

	Attention: Exited at iteration 100 with accuracies 
[0.]
not reaching the requested tolerance 1e-08.
Use iteration 1 instead with accuracy 
1.1304770883370038e-06.

	Attention: Exited at iteration 100 with accuracies 
[0.]
not reaching the requested tolerance 1e-08.
Use iteration 1 instead with accuracy 
1.1304699662643568e-06.

	Attention: Exited at iteration 100 with accuracies 
[0.]
not reaching the requested tolerance 1e-08.
Use iteration 86 instead with accuracy 
2.8257503461803867e-07.

	Attention: Exited at iteration 100 with accuracies 
[0.]
not reaching the requested tolerance 1e-08.
Use iteration 1 instead with accuracy 
1.162058111078305e-06.

	Attention: Exited at iteration 100 with accuracies 
[0.]
not reaching the requested tolerance 1e-08.
Use iteration 1 instead with accuracy 
1.1613347012684353e-06.

	Attention: Exited at iteration 100 with accuracies 
[0.]
not reaching the requested tolerance 1e-08.
Use iteration 1 instead with accuracy 
1.1606776007511687e-06.

	Attention: Exited at iteration 100 with accuracies 
[0.]
not reaching the requested tolerance 1e-08.
Use iteration 84 instead with accuracy 
2.6663472274176123e-07.

	Attention: Exited at iteration 100 with accuracies 
[0.]
not reaching the requested tolerance 1e-08.
Use iteration 1 instead with accuracy 
1.3228716315940888e-06.

	Attention: Exited at iteration 100 with accuracies 
[0.]
not reaching the requested tolerance 1e-08.
Use iteration 2 instead with accuracy 
1.2596237711965283e-06.

	Attention: Exited at iteration 100 with accuracies 
[0.]
not reaching the requested tolerance 1e-08.
Use iteration 5 instead with accuracy 
1.9643130740629737e-06.

	Attention: Exited at iteration 100 with accuracies 
[0.]
not reaching the requested tolerance 1e-08.
Use iteration 6 instead with accuracy 
2.1061194917002694e-06.

	Attention: Exited at iteration 100 with accuracies 
[0.]
not reaching the requested tolerance 1e-08.
Use iteration 5 instead with accuracy 
1.763793167648631e-06.

	Attention: Exited at iteration 100 with accuracies 
[0.]
not reaching the requested tolerance 1e-08.
Use iteration 1 instead with accuracy 
1.1000766110958092e-06.

	Attention: Exited at iteration 100 with accuracies 
[0.]
not reaching the requested tolerance 1e-08.
Use iteration 1 instead with accuracy 
1.0386465734843027e-06.

	Attention: Exited at iteration 100 with accuracies 
[0.]
not reaching the requested tolerance 1e-08.
Use iteration 1 instead with accuracy 
1.034526952667706e-06.

	Attention: Exited at iteration 100 with accuracies 
[0.]
not reaching the requested tolerance 1e-08.
Use iteration 94 instead with accuracy 
5.706132973925161e-08.

	Attention: Exited at iteration 100 with accuracies 
[0.]
not reaching the requested tolerance 1e-08.
Use iteration 99 instead with accuracy 
1.0555935063140925e-07.

	Attention: Exited at iteration 100 with accuracies 
[0.]
not reaching the requested tolerance 1e-08.
Use iteration 1 instead with accuracy 
1.0401130908836356e-06.

	Attention: Exited at iteration 100 with accuracies 
[0.]
not reaching the requested tolerance 1e-08.
Use iteration 1 instead with accuracy 
1.0372792920083444e-06.

	Attention: Exited at iteration 100 with accuracies 
[0.]
not reaching the requested tolerance 1e-08.
Use iteration 1 instead with accuracy 
1.0356055561016134e-06.

	Attention: Exited at iteration 100 with accuracies 
[0.]
not reaching the requested tolerance 1e-08.
Use iteration 1 instead with accuracy 
1.0793286797657819e-06.

	Attention: Exited at iteration 100 with accuracies 
[0.]
not reaching the requested tolerance 1e-08.
Use iteration 1 instead with accuracy 
1.0447480933305241e-06.

	Attention: Exited at iteration 100 with accuracies 
[0.]
not reaching the requested tolerance 1e-08.
Use iteration 1 instead with accuracy 
1.0393281089285392e-06.

	Attention: Exited at iteration 100 with accuracies 
[0.]
not reaching the requested tolerance 1e-08.
Use iteration 77 instead with accuracy 
2.5478256654855128e-08.

	Attention: Exited at iteration 100 with accuracies 
[0.]
not reaching the requested tolerance 1e-08.
Use iteration 85 instead with accuracy 
2.082532514275498e-07.

	Attention: Exited at iteration 100 with accuracies 
[0.]
not reaching the requested tolerance 1e-08.
Use iteration 1 instead with accuracy 
1.0542939947577765e-06.

	Attention: Exited at iteration 100 with accuracies 
[0.]
not reaching the requested tolerance 1e-08.
Use iteration 1 instead with accuracy 
1.0454567516457577e-06.

	Attention: Exited at iteration 100 with accuracies 
[0.]
not reaching the requested tolerance 1e-08.
Use iteration 1 instead with accuracy 
1.0436002146403842e-06.

	Attention: Exited at iteration 100 with accuracies 
[0.]
not reaching the requested tolerance 1e-08.
Use iteration 1 instead with accuracy 
1.0739490723186444e-06.

	Attention: Exited at iteration 100 with accuracies 
[0.]
not reaching the requested tolerance 1e-08.
Use iteration 1 instead with accuracy 
1.0533633091426862e-06.

	Attention: Exited at iteration 100 with accuracies 
[0.]
not reaching the requested tolerance 1e-08.
Use iteration 1 instead with accuracy 
1.05018689062929e-06.

	Attention: Exited at iteration 100 with accuracies 
[0.]
not reaching the requested tolerance 1e-08.
Use iteration 99 instead with accuracy 
3.68825719633567e-08.

	Attention: Exited at iteration 100 with accuracies 
[0.]
not reaching the requested tolerance 1e-08.
Use iteration 17 instead with accuracy 
3.926368365683243e-07.

	Attention: Exited at iteration 100 with accuracies 
[0.]
not reaching the requested tolerance 1e-08.
Use iteration 25 instead with accuracy 
5.084687635413385e-07.

it 001 | main   | XZ  | ineq=active   | mu=3.04e-02 eta=1.00e-03 sigma=2.79e-03 | err c/p/d=1.21e-03/1.72e+00/1.01e+01 | ok=cpd | rmax X/Y/Z/T=34/6/20/18
it 002 | main   | XZ  | ineq=active   | mu=2.54e-03 eta=1.00e-03 sigma=2.13e-02 | err c/p/d=4.50e-04/2.56e-01/5.15e+00 | ok=cpd | rmax X/Y/Z/T=67/6/33/29
it 003 | main   | AHO | ineq=active   | mu=3.21e-03 eta=1.00e-03 sigma=1.63e-01 | err c/p/d=3.35e-04/2.09e-01/3.95e+00 | ok=cpd | rmax X/Y/Z/T=103/8/35/31
it 004 | main   | AHO | ineq=active   | mu=3.58e-04 eta=7.17e-04 sigma=2.18e-02 | err c/p/d=4.89e-05/7.69e-02/2.34e-02 | ok=Cpd | rmax X/Y/Z/T=112/7/38/34
it 005 | main   | AHO | ineq=active   | mu=3.56e-04 eta=7.12e-04 sigma=0.00e+00 | err c/p/d=4.44e-05/3.47e-03/1.86e-03 | ok=Cpd | rmax X/Y/Z/T=111/7/38/34
it 006 | finish | AHO | ineq=active   | mu=3.57e-04 eta=7.12e-04 sigma=0.00e+00 | err c/p/d=4.43e-05/2.02e-04/8.78e-04 | ok=CPD | rmax X/Y/Z/T=110/7/38/34
it 007 | finish | AHO | ineq=active   | mu=1.97e-04 eta=3.94e-04 sigma=0.00e+00 | err c/p/d=2.42e-05/6.67e-04/2.68e-03 | ok=Cpd | rmax X/Y/Z/T=114/6/37/34
it 008 | finish | AHO | ineq=active   | mu=1.71e-04 eta=3.43e-04 sigma=0.00e+00 | err c/p/d=2.08e-05/8.79e-04/3.26e-03 | ok=Cpd | rmax X/Y/Z/T=124/7/38/34
it 009 | finish | AHO | ineq=active   | mu=1.55e-04 eta=3.11e-04 sigma=0.00e+00 | err c/p/d=1.87e-05/1.07e-03/3.53e-03 | ok=Cpd | rmax X/Y/Z/T=125/8/38/34
it 010 | finish | AHO | ineq=active   | mu=1.48e-04 eta=2.95e-04 sigma=0.00e+00 | err c/p/d=1.78e-05/1.26e-03/4.16e-03 | ok=Cpd | rmax X/Y/Z/T=124/8/38/34

	⚠️ Attention: 
	Number of restarts exhausted, Relative Error = 1.398722e+00. Consider increasing rank ceiling.

	==> Full traceback (most recent call last):
Traceback (most recent call last):
  File "/vol/bitbucket/fjk20/projects/Tensor-Train-Interior-Point-Method/psd_system/corr_clust/../../src/tt_ipm.py", line 762, in _tt_ipm_newton_step
    Delta_tt, _ = solver(
                  ~~~~~~^
        lhs_pred_tt,
        ^^^^^^^^^^^^
    ...<5 lines>...
        strict_first_attempt=status.aho_direction,
        ^^^^^^^^^^^^^^^^^^^^^^^^^^^^^^^^^^^^^^^^^^
    )
    ^
  File "/vol/bitbucket/fjk20/projects/Tensor-Train-Interior-Point-Method/psd_system/corr_clust/../../src/tt_ipm.py", line 1191, in <lambda>
    solver_ineq = lambda lhs, rhs, x0, nwsp, restriction, termination_tol, strict_first_attempt=False: tt_restarted_block_amen(
                                                                                                       ~~~~~~~~~~~~~~~~~~~~~~~^
        lhs,
        ^^^^
    ...<9 lines>...
        strict_first_attempt=strict_first_attempt
        ^^^^^^^^^^^^^^^^^^^^^^^^^^^^^^^^^^^^^^^^^
    )
    ^
  File "/vol/bitbucket/fjk20/projects/Tensor-Train-Interior-Point-Method/psd_system/corr_clust/../../src/tt_als.py", line 799, in tt_restarted_block_amen
    raise RuntimeError(f"\n\tTarget residual not reached after first AMEn attempt, Relative Error = {rhs_norm / orig_rhs_norm:.3e}.")
RuntimeError: 
	Target residual not reached after first AMEn attempt, Relative Error = 1.136e-01.

During handling of the above exception, another exception occurred:

Traceback (most recent call last):
  File "/vol/bitbucket/fjk20/projects/Tensor-Train-Interior-Point-Method/psd_system/corr_clust/../../src/tt_ipm.py", line 777, in _tt_ipm_newton_step
    Delta_tt, _ = solver(lhs_pred_tt, rhs_pred_tt, status.mals_delta0, status.kkt_iterations + status.is_last_iter, status.mals_rank_restriction, status.eta)
                  ~~~~~~^^^^^^^^^^^^^^^^^^^^^^^^^^^^^^^^^^^^^^^^^^^^^^^^^^^^^^^^^^^^^^^^^^^^^^^^^^^^^^^^^^^^^^^^^^^^^^^^^^^^^^^^^^^^^^^^^^^^^^^^^^^^^^^^^^^^^
  File "/vol/bitbucket/fjk20/projects/Tensor-Train-Interior-Point-Method/psd_system/corr_clust/../../src/tt_ipm.py", line 1191, in <lambda>
    solver_ineq = lambda lhs, rhs, x0, nwsp, restriction, termination_tol, strict_first_attempt=False: tt_restarted_block_amen(
                                                                                                       ~~~~~~~~~~~~~~~~~~~~~~~^
        lhs,
        ^^^^
    ...<9 lines>...
        strict_first_attempt=strict_first_attempt
        ^^^^^^^^^^^^^^^^^^^^^^^^^^^^^^^^^^^^^^^^^
    )
    ^
  File "/vol/bitbucket/fjk20/projects/Tensor-Train-Interior-Point-Method/psd_system/corr_clust/../../src/tt_als.py", line 828, in tt_restarted_block_amen
    raise RuntimeError(f"\n\tNumber of restarts exhausted, Relative Error = {rhs_norm / orig_rhs_norm:3e}. Consider increasing rank ceiling.")
RuntimeError: 
	Number of restarts exhausted, Relative Error = 1.398722e+00. Consider increasing rank ceiling.
---Terminated---
Terminated in 11 iterations.
Ranks: X=[5, 9, 11, 39, 124, 49, 16, 5], Z=[5, 9, 11, 27, 38, 24, 13, 5], Y=[2, 2, 2, 4, 8, 6, 3, 2], T=[7, 12, 13, 27, 34, 23, 13, 7]
Run terminated after 11 iterations. Compl Slackness: 1.0961e+00. Feasibility error: 2.5509e-05. Dual Feasibility error: 2.7637e-04.
Run terminated in 6123.25s. Memory: 6866.29 MB.
Rerun with new seed 604 terminated. Feasibility error: 2.55e-05, dual feasibility error: 2.76e-04, slackness: 1.10e+00
Seed 604 terminated (feasibility error: 2.55e-05, dual feasibility error: 2.76e-04, slackness: 1.10e+00). Suggesting a new seed.
New seed suggested: 223
Creating Problem for dim=9, rank=5...
===Terminated Graph Sampling=== rank:  [3, 5, 5, 4, 3, 3, 2, 2]
===Terminated Graph Sampling=== rank:  [1, 1, 1, 1, 1, 1, 1, 1]
Actual graph TT-rank: [3, 5, 5, 4, 3, 3, 2, 2]
Obj TT-rank: [3, 9, 12, 10, 7, 6, 5, 3]
it 000 | main   | XZ  | ineq=active   | mu=3.72e-01 eta=1.00e-03 sigma=5.00e-01 | err c/p/d=4.20e-03/1.06e+01/1.18e+01 | ok=cpd | rmax X/Y/Z/T=6/1/1/5
	Attention: Exited at iteration 100 with accuracies 
[0.]
not reaching the requested tolerance 1e-08.
Use iteration 51 instead with accuracy 
1.4492154104999643e-08.

it 001 | main   | XZ  | ineq=active   | mu=1.02e-01 eta=1.00e-03 sigma=4.54e-03 | err c/p/d=3.53e-03/2.97e+00/9.91e+00 | ok=cpd | rmax X/Y/Z/T=26/5/13/13
it 002 | main   | XZ  | ineq=active   | mu=5.78e-03 eta=1.00e-03 sigma=1.24e-02 | err c/p/d=1.46e-03/3.32e-01/8.52e+00 | ok=cpd | rmax X/Y/Z/T=67/8/31/27
it 003 | main   | AHO | ineq=active   | mu=1.04e-02 eta=1.00e-03 sigma=3.99e-01 | err c/p/d=1.46e-03/2.69e-01/7.23e+00 | ok=cpd | rmax X/Y/Z/T=76/7/32/27
it 004 | main   | AHO | ineq=active   | mu=1.31e-03 eta=1.00e-03 sigma=1.84e-02 | err c/p/d=2.62e-04/1.51e-01/2.20e-01 | ok=cpd | rmax X/Y/Z/T=80/8/32/29
it 005 | main   | AHO | ineq=active   | mu=1.43e-03 eta=1.00e-03 sigma=6.32e-01 | err c/p/d=2.29e-04/1.09e-01/1.60e-01 | ok=cpd | rmax X/Y/Z/T=84/7/32/27
it 006 | main   | AHO | ineq=active   | mu=8.53e-04 eta=1.00e-03 sigma=6.79e-01 | err c/p/d=1.46e-04/5.62e-02/5.31e-02 | ok=cpd | rmax X/Y/Z/T=84/8/33/28
it 007 | main   | AHO | ineq=active   | mu=5.31e-04 eta=1.00e-03 sigma=7.15e-01 | err c/p/d=8.97e-05/1.04e-02/2.41e-02 | ok=Cpd | rmax X/Y/Z/T=87/8/32/28
it 008 | main   | AHO | ineq=active   | mu=5.34e-04 eta=1.00e-03 sigma=0.00e+00 | err c/p/d=9.17e-05/1.24e-03/1.94e-03 | ok=Cpd | rmax X/Y/Z/T=85/8/32/28
it 009 | finish | AHO | ineq=active   | mu=5.36e-04 eta=1.00e-03 sigma=0.00e+00 | err c/p/d=9.23e-05/2.57e-04/7.67e-04 | ok=CPD | rmax X/Y/Z/T=85/8/32/28
it 010 | finish | AHO | ineq=active   | mu=4.21e-04 eta=8.42e-04 sigma=0.00e+00 | err c/p/d=7.12e-05/5.85e-04/2.90e-03 | ok=CPd | rmax X/Y/Z/T=85/8/33/28
it 011 | finish | AHO | ineq=active   | mu=3.58e-04 eta=7.16e-04 sigma=0.00e+00 | err c/p/d=5.93e-05/9.50e-04/3.99e-03 | ok=Cpd | rmax X/Y/Z/T=85/8/33/28
it 012 | finish | AHO | ineq=active   | mu=2.65e-04 eta=5.30e-04 sigma=0.00e+00 | err c/p/d=4.11e-05/1.18e-03/4.44e-03 | ok=Cpd | rmax X/Y/Z/T=96/8/32/28
it 013 | finish | AHO | ineq=active   | mu=2.48e-04 eta=4.97e-04 sigma=0.00e+00 | err c/p/d=3.82e-05/1.47e-03/4.63e-03 | ok=Cpd | rmax X/Y/Z/T=95/8/32/28
it 014 | finish | AHO | ineq=active   | mu=2.18e-04 eta=4.36e-04 sigma=0.00e+00 | err c/p/d=3.30e-05/1.72e-03/4.55e-03 | ok=Cpd | rmax X/Y/Z/T=105/8/34/29
it 015 | finish | AHO | ineq=active   | mu=2.07e-04 eta=4.15e-04 sigma=0.00e+00 | err c/p/d=3.12e-05/2.04e-03/4.68e-03 | ok=Cpd | rmax X/Y/Z/T=103/8/34/29
it 016 | finish | AHO | ineq=active   | mu=1.86e-04 eta=3.72e-04 sigma=0.00e+00 | err c/p/d=2.77e-05/2.28e-03/4.75e-03 | ok=Cpd | rmax X/Y/Z/T=128/8/35/30
it 017 | finish | AHO | ineq=active   | mu=1.61e-04 eta=3.23e-04 sigma=0.00e+00 | err c/p/d=2.40e-05/2.65e-03/2.22e-03 | ok=Cpd | rmax X/Y/Z/T=124/10/74/49
it 018 | finish | AHO | ineq=active   | mu=1.46e-04 eta=2.93e-04 sigma=0.00e+00 | err c/p/d=2.16e-05/2.80e-03/1.48e-03 | ok=Cpd | rmax X/Y/Z/T=202/9/89/52
---Terminated---
Terminated in 18 iterations.
Ranks: X=[5, 17, 64, 202, 199, 62, 17, 5], Z=[5, 17, 36, 89, 58, 21, 9, 5], Y=[2, 4, 5, 8, 9, 6, 4, 2], T=[7, 21, 37, 52, 36, 14, 7, 5]
Run terminated after 18 iterations. Compl Slackness: 4.9918e-02. Feasibility error: 1.2519e-04. Dual Feasibility error: 3.5272e-05.
Run terminated in 21920.30s. Memory: 8291.77 MB.
Rerun with new seed 223 terminated. Feasibility error: 1.25e-04, dual feasibility error: 3.53e-05, slackness: 4.99e-02
Seed 223 terminated (feasibility error: 1.25e-04, dual feasibility error: 3.53e-05, slackness: 4.99e-02). Suggesting a new seed.
New seed suggested: 704
Creating Problem for dim=9, rank=5...
===Terminated Graph Sampling=== rank:  [3, 3, 4, 4, 5, 4, 4, 3]
===Terminated Graph Sampling=== rank:  [1, 1, 1, 1, 1, 1, 1, 1]
Actual graph TT-rank: [3, 3, 4, 4, 5, 4, 4, 3]
Obj TT-rank: [3, 5, 6, 7, 10, 9, 7, 3]
it 000 | main   | XZ  | ineq=active   | mu=8.70e-02 eta=1.00e-03 sigma=5.00e-01 | err c/p/d=7.76e-04/1.06e+01/1.19e+01 | ok=cpd | rmax X/Y/Z/T=6/1/1/5
it 001 | main   | XZ  | ineq=active   | mu=1.31e-02 eta=1.00e-03 sigma=2.62e-03 | err c/p/d=6.30e-04/1.29e+00/1.01e+01 | ok=cpd | rmax X/Y/Z/T=24/4/17/17
it 002 | main   | XZ  | ineq=active   | mu=1.32e-03 eta=1.00e-03 sigma=2.59e-02 | err c/p/d=2.59e-04/3.13e-01/1.84e+00 | ok=cpd | rmax X/Y/Z/T=31/4/21/21
it 003 | main   | AHO | ineq=active   | mu=2.57e-03 eta=1.00e-03 sigma=5.59e-01 | err c/p/d=2.93e-04/2.52e-01/1.68e+00 | ok=cpd | rmax X/Y/Z/T=33/4/21/21
it 004 | main   | AHO | ineq=active   | mu=2.08e-04 eta=4.17e-04 sigma=1.64e-02 | err c/p/d=3.76e-05/2.15e-01/6.51e-02 | ok=Cpd | rmax X/Y/Z/T=33/4/22/22
it 005 | main   | AHO | ineq=active   | mu=1.87e-04 eta=3.74e-04 sigma=0.00e+00 | err c/p/d=2.53e-05/1.07e-02/3.24e-03 | ok=Cpd | rmax X/Y/Z/T=33/4/22/22
it 006 | finish | AHO | ineq=active   | mu=1.87e-04 eta=3.74e-04 sigma=0.00e+00 | err c/p/d=2.50e-05/5.34e-04/1.63e-04 | ok=CPD | rmax X/Y/Z/T=33/4/22/22
it 007 | finish | AHO | ineq=active   | mu=1.12e-04 eta=2.24e-04 sigma=0.00e+00 | err c/p/d=1.45e-05/3.10e-04/1.03e-03 | ok=CPD | rmax X/Y/Z/T=33/4/22/22
---Terminated---
Terminated in 7 iterations.
Ranks: X=[5, 7, 8, 9, 29, 33, 17, 5], Z=[5, 7, 8, 9, 22, 15, 11, 5], Y=[2, 2, 2, 2, 4, 4, 4, 2], T=[7, 7, 9, 10, 22, 16, 12, 7]
Run terminated after 7 iterations. Compl Slackness: 1.3636e+00. Feasibility error: 1.5412e-06. Dual Feasibility error: 1.6859e-05.
Run terminated in 120.04s. Memory: 182.41 MB.
Rerun with new seed 704 terminated. Feasibility error: 1.54e-06, dual feasibility error: 1.69e-05, slackness: 1.36e+00
Seed 704 terminated (feasibility error: 1.54e-06, dual feasibility error: 1.69e-05, slackness: 1.36e+00). Suggesting a new seed.
New seed suggested: 449
Creating Problem for dim=9, rank=5...
===Terminated Graph Sampling=== rank:  [2, 3, 5, 5, 5, 5, 2, 2]
===Terminated Graph Sampling=== rank:  [1, 1, 1, 1, 1, 1, 1, 1]
Actual graph TT-rank: [2, 3, 5, 5, 5, 5, 2, 2]
Obj TT-rank: [3, 5, 9, 9, 9, 11, 6, 3]
it 000 | main   | XZ  | ineq=active   | mu=6.40e-02 eta=1.00e-03 sigma=5.00e-01 | err c/p/d=4.94e-04/1.06e+01/1.20e+01 | ok=cpd | rmax X/Y/Z/T=6/1/1/5
	Attention: Exited at iteration 100 with accuracies 
[0.]
not reaching the requested tolerance 1e-08.
Use iteration 79 instead with accuracy 
1.283889668625832e-08.

	Attention: Exited at iteration 96 with accuracies 
[0.]
not reaching the requested tolerance 1e-08.
Use iteration 82 instead with accuracy 
3.181987521265025e-08.

	Attention: Exited at iteration 96 with accuracies 
[0.]
not reaching the requested tolerance 1e-08.
Use iteration 82 instead with accuracy 
3.1819749333423004e-08.

	Attention: Exited at iteration 100 with accuracies 
[0.]
not reaching the requested tolerance 1e-08.
Use iteration 67 instead with accuracy 
1.337609473819224e-07.

	Attention: Exited at iteration 100 with accuracies 
[0.]
not reaching the requested tolerance 1e-08.
Use iteration 95 instead with accuracy 
2.2677355248604715e-07.

	Attention: Exited at iteration 100 with accuracies 
[0.]
not reaching the requested tolerance 1e-08.
Use iteration 100 instead with accuracy 
6.830801322313831e-08.

	Attention: Exited at iteration 100 with accuracies 
[0.]
not reaching the requested tolerance 1e-08.
Use iteration 100 instead with accuracy 
6.830802573632192e-08.

	Attention: Exited at iteration 100 with accuracies 
[0.]
not reaching the requested tolerance 1e-08.
Use iteration 95 instead with accuracy 
2.267736057238508e-07.

	Attention: Exited at iteration 100 with accuracies 
[0.]
not reaching the requested tolerance 1e-08.
Use iteration 59 instead with accuracy 
1.6077642349862263e-07.

	Attention: Exited at iteration 100 with accuracies 
[0.]
not reaching the requested tolerance 1e-08.
Use iteration 50 instead with accuracy 
1.5577150090175306e-07.

	Attention: Exited at iteration 100 with accuracies 
[0.]
not reaching the requested tolerance 1e-08.
Use iteration 50 instead with accuracy 
1.5577150340685663e-07.

	Attention: Exited at iteration 100 with accuracies 
[0.]
not reaching the requested tolerance 1e-08.
Use iteration 59 instead with accuracy 
1.5804239626156265e-07.

	Attention: Exited at iteration 100 with accuracies 
[0.]
not reaching the requested tolerance 1e-08.
Use iteration 65 instead with accuracy 
2.0360623006045477e-07.

	Attention: Exited at iteration 100 with accuracies 
[0.]
not reaching the requested tolerance 1e-08.
Use iteration 50 instead with accuracy 
9.984891138338071e-08.

	Attention: Exited at iteration 100 with accuracies 
[0.]
not reaching the requested tolerance 1e-08.
Use iteration 50 instead with accuracy 
9.984891139082899e-08.

	Attention: Exited at iteration 100 with accuracies 
[0.]
not reaching the requested tolerance 1e-08.
Use iteration 65 instead with accuracy 
2.0381065043329933e-07.

	Attention: Exited at iteration 100 with accuracies 
[0.0001]
not reaching the requested tolerance 1e-08.
Use iteration 28 instead with accuracy 
2.363733726928125e-07.

	Attention: Exited at iteration 100 with accuracies 
[0.]
not reaching the requested tolerance 1e-08.
Use iteration 63 instead with accuracy 
4.3633948002203347e-07.

	Attention: Exited at iteration 100 with accuracies 
[0.]
not reaching the requested tolerance 1e-08.
Use iteration 5 instead with accuracy 
7.126887408043442e-07.

	Attention: Exited at iteration 100 with accuracies 
[0.]
not reaching the requested tolerance 1e-08.
Use iteration 5 instead with accuracy 
6.202395295220868e-07.

	Attention: Exited at iteration 100 with accuracies 
[0.]
not reaching the requested tolerance 1e-08.
Use iteration 5 instead with accuracy 
6.202395295101383e-07.

	Attention: Exited at iteration 100 with accuracies 
[0.]
not reaching the requested tolerance 1e-08.
Use iteration 5 instead with accuracy 
7.126887407724593e-07.

	Attention: Exited at iteration 100 with accuracies 
[0.]
not reaching the requested tolerance 1e-08.
Use iteration 5 instead with accuracy 
6.876707186018651e-07.

	Attention: Exited at iteration 100 with accuracies 
[0.]
not reaching the requested tolerance 1e-08.
Use iteration 7 instead with accuracy 
5.689988085834251e-07.

	Attention: Exited at iteration 100 with accuracies 
[0.]
not reaching the requested tolerance 1e-08.
Use iteration 7 instead with accuracy 
5.572447570261469e-07.

	Attention: Exited at iteration 100 with accuracies 
[0.]
not reaching the requested tolerance 1e-08.
Use iteration 8 instead with accuracy 
7.165416075707711e-07.

	Attention: Exited at iteration 100 with accuracies 
[0.]
not reaching the requested tolerance 1e-08.
Use iteration 8 instead with accuracy 
7.165416077372315e-07.

	Attention: Exited at iteration 100 with accuracies 
[0.]
not reaching the requested tolerance 1e-08.
Use iteration 7 instead with accuracy 
5.57244757155917e-07.

	Attention: Exited at iteration 100 with accuracies 
[0.]
not reaching the requested tolerance 1e-08.
Use iteration 7 instead with accuracy 
5.688936608499356e-07.

	Attention: Exited at iteration 100 with accuracies 
[0.]
not reaching the requested tolerance 1e-08.
Use iteration 7 instead with accuracy 
6.776921621228065e-07.

	Attention: Exited at iteration 100 with accuracies 
[0.]
not reaching the requested tolerance 1e-08.
Use iteration 8 instead with accuracy 
6.913648993982778e-07.

	Attention: Exited at iteration 100 with accuracies 
[0.]
not reaching the requested tolerance 1e-08.
Use iteration 7 instead with accuracy 
5.545978088389179e-07.

	Attention: Exited at iteration 100 with accuracies 
[0.]
not reaching the requested tolerance 1e-08.
Use iteration 7 instead with accuracy 
5.545978088679853e-07.

	Attention: Exited at iteration 100 with accuracies 
[0.]
not reaching the requested tolerance 1e-08.
Use iteration 8 instead with accuracy 
6.913648992797217e-07.

	Attention: Exited at iteration 100 with accuracies 
[0.]
not reaching the requested tolerance 1e-08.
Use iteration 7 instead with accuracy 
6.776090648891218e-07.

	Attention: Exited at iteration 100 with accuracies 
[0.]
not reaching the requested tolerance 1e-08.
Use iteration 5 instead with accuracy 
6.271828072563292e-07.

	Attention: Exited at iteration 100 with accuracies 
[0.]
not reaching the requested tolerance 1e-08.
Use iteration 5 instead with accuracy 
6.605033260009627e-07.

	Attention: Exited at iteration 100 with accuracies 
[0.]
not reaching the requested tolerance 1e-08.
Use iteration 6 instead with accuracy 
5.988601805815968e-07.

	Attention: Exited at iteration 100 with accuracies 
[0.]
not reaching the requested tolerance 1e-08.
Use iteration 6 instead with accuracy 
5.988601805637137e-07.

	Attention: Exited at iteration 100 with accuracies 
[0.]
not reaching the requested tolerance 1e-08.
Use iteration 5 instead with accuracy 
6.60503326043519e-07.

	Attention: Exited at iteration 100 with accuracies 
[0.]
not reaching the requested tolerance 1e-08.
Use iteration 5 instead with accuracy 
6.271526190796615e-07.

	Attention: Exited at iteration 100 with accuracies 
[0.]
not reaching the requested tolerance 1e-08.
Use iteration 5 instead with accuracy 
6.947449501814191e-07.

	Attention: Exited at iteration 100 with accuracies 
[0.]
not reaching the requested tolerance 1e-08.
Use iteration 5 instead with accuracy 
6.52457240969115e-07.

	Attention: Exited at iteration 100 with accuracies 
[0.]
not reaching the requested tolerance 1e-08.
Use iteration 6 instead with accuracy 
6.145026609663372e-07.

	Attention: Exited at iteration 100 with accuracies 
[0.]
not reaching the requested tolerance 1e-08.
Use iteration 6 instead with accuracy 
6.145026609483362e-07.

	Attention: Exited at iteration 100 with accuracies 
[0.]
not reaching the requested tolerance 1e-08.
Use iteration 5 instead with accuracy 
6.524572410294666e-07.

	Attention: Exited at iteration 100 with accuracies 
[0.]
not reaching the requested tolerance 1e-08.
Use iteration 5 instead with accuracy 
6.948235489324262e-07.

it 001 | main   | XZ  | ineq=active   | mu=2.56e-02 eta=1.00e-03 sigma=1.03e-02 | err c/p/d=4.46e-04/4.27e+00/1.62e+00 | ok=cpd | rmax X/Y/Z/T=52/5/38/37
it 002 | main   | XZ  | ineq=active   | mu=1.83e-02 eta=1.00e-03 sigma=4.89e-01 | err c/p/d=4.83e-04/2.81e+00/1.56e+00 | ok=cpd | rmax X/Y/Z/T=133/6/78/75
it 003 | main   | AHO | ineq=active   | mu=9.15e-04 eta=1.00e-03 sigma=1.58e-02 | err c/p/d=2.11e-04/4.15e-01/1.35e+00 | ok=cpd | rmax X/Y/Z/T=136/8/99/94
it 004 | main   | AHO | ineq=active   | mu=1.62e-03 eta=1.00e-03 sigma=8.00e-01 | err c/p/d=2.09e-04/8.08e-02/1.16e+00 | ok=cpd | rmax X/Y/Z/T=137/8/96/92
it 005 | main   | AHO | ineq=active   | mu=1.01e-03 eta=1.00e-03 sigma=3.74e-01 | err c/p/d=1.36e-04/6.12e-02/5.85e-01 | ok=cpd | rmax X/Y/Z/T=136/8/93/90
it 006 | main   | AHO | ineq=active   | mu=7.95e-04 eta=1.00e-03 sigma=5.66e-01 | err c/p/d=1.15e-04/3.75e-02/4.06e-01 | ok=cpd | rmax X/Y/Z/T=136/8/91/88
it 007 | main   | AHO | ineq=active   | mu=6.76e-04 eta=1.00e-03 sigma=6.77e-01 | err c/p/d=1.04e-04/2.29e-02/3.09e-01 | ok=cpd | rmax X/Y/Z/T=136/8/89/86
it 008 | main   | AHO | ineq=active   | mu=5.56e-04 eta=1.00e-03 sigma=7.11e-01 | err c/p/d=8.96e-05/1.46e-02/2.19e-01 | ok=Cpd | rmax X/Y/Z/T=136/8/88/84
it 009 | main   | AHO | ineq=active   | mu=5.61e-04 eta=1.00e-03 sigma=0.00e+00 | err c/p/d=9.36e-05/7.80e-04/1.19e-02 | ok=Cpd | rmax X/Y/Z/T=136/8/87/83
it 010 | main   | AHO | ineq=active   | mu=5.66e-04 eta=1.00e-03 sigma=0.00e+00 | err c/p/d=9.51e-05/5.76e-05/3.29e-03 | ok=CPd | rmax X/Y/Z/T=136/8/86/82
it 011 | main   | AHO | ineq=active   | mu=5.71e-04 eta=1.00e-03 sigma=0.00e+00 | err c/p/d=9.66e-05/6.97e-05/3.33e-03 | ok=CPd | rmax X/Y/Z/T=136/8/86/81
it 012 | main   | AHO | ineq=active   | mu=5.78e-04 eta=1.00e-03 sigma=0.00e+00 | err c/p/d=9.82e-05/8.24e-05/3.74e-03 | ok=CPd | rmax X/Y/Z/T=136/8/85/80
it 013 | finish | AHO | ineq=active   | mu=5.78e-04 eta=1.00e-03 sigma=0.00e+00 | err c/p/d=9.90e-05/1.08e-04/5.56e-04 | ok=CPD | rmax X/Y/Z/T=136/8/84/80
it 014 | finish | AHO | ineq=active   | mu=3.37e-04 eta=6.73e-04 sigma=0.00e+00 | err c/p/d=5.53e-05/2.68e-04/3.31e-03 | ok=CPd | rmax X/Y/Z/T=136/8/84/80
it 015 | finish | AHO | ineq=active   | mu=2.56e-04 eta=5.12e-04 sigma=0.00e+00 | err c/p/d=3.68e-05/4.59e-04/3.92e-03 | ok=CPd | rmax X/Y/Z/T=138/8/84/80
it 016 | finish | AHO | ineq=active   | mu=2.08e-04 eta=4.15e-04 sigma=0.00e+00 | err c/p/d=2.59e-05/4.54e-04/4.60e-03 | ok=CPd | rmax X/Y/Z/T=140/8/84/80
it 017 | finish | AHO | ineq=active   | mu=1.72e-04 eta=3.43e-04 sigma=0.00e+00 | err c/p/d=2.06e-05/4.77e-04/5.30e-03 | ok=CPd | rmax X/Y/Z/T=140/8/88/85
it 018 | finish | AHO | ineq=active   | mu=1.38e-04 eta=2.75e-04 sigma=0.00e+00 | err c/p/d=1.64e-05/4.82e-04/4.91e-03 | ok=CPd | rmax X/Y/Z/T=140/8/92/88
it 019 | finish | AHO | ineq=active   | mu=1.12e-04 eta=2.25e-04 sigma=0.00e+00 | err c/p/d=1.29e-05/5.47e-04/4.72e-03 | ok=CPd | rmax X/Y/Z/T=140/8/92/88
it 020 | finish | AHO | ineq=active   | mu=1.06e-04 eta=2.11e-04 sigma=0.00e+00 | err c/p/d=1.22e-05/5.59e-04/4.92e-03 | ok=CPd | rmax X/Y/Z/T=140/8/96/93
it 021 | finish | AHO | ineq=active   | mu=8.32e-05 eta=1.66e-04 sigma=0.00e+00 | err c/p/d=9.02e-06/5.16e-04/4.99e-03 | ok=CPd | rmax X/Y/Z/T=145/8/95/92
it 022 | finish | AHO | ineq=active   | mu=8.18e-05 eta=1.64e-04 sigma=0.00e+00 | err c/p/d=8.84e-06/5.85e-04/5.09e-03 | ok=CPd | rmax X/Y/Z/T=144/8/95/92
---Terminated---
Terminated in 22 iterations.
Ranks: X=[5, 9, 33, 39, 144, 65, 17, 5], Z=[5, 9, 33, 37, 95, 45, 15, 5], Y=[2, 2, 4, 4, 8, 8, 4, 2], T=[6, 11, 37, 37, 92, 41, 12, 5]
Run terminated after 22 iterations. Compl Slackness: 8.0592e-01. Feasibility error: 5.4795e-06. Dual Feasibility error: 4.1444e-04.
Run terminated in 11213.04s. Memory: 7732.55 MB.
Rerun with new seed 449 terminated. Feasibility error: 5.48e-06, dual feasibility error: 4.14e-04, slackness: 8.06e-01
Seed 449 terminated (feasibility error: 5.48e-06, dual feasibility error: 4.14e-04, slackness: 8.06e-01). Suggesting a new seed.
New seed suggested: 434
Creating Problem for dim=9, rank=5...
===Terminated Graph Sampling=== rank:  [3, 5, 5, 3, 1, 1, 1, 1]
===Terminated Graph Sampling=== rank:  [1, 1, 1, 1, 1, 1, 1, 1]
Actual graph TT-rank: [3, 5, 5, 3, 1, 1, 1, 1]
Obj TT-rank: [3, 8, 9, 5, 2, 2, 2, 1]
it 000 | main   | XZ  | ineq=active   | mu=4.16e-01 eta=1.00e-03 sigma=5.00e-01 | err c/p/d=4.78e-03/1.06e+01/1.18e+01 | ok=cpd | rmax X/Y/Z/T=6/1/1/5
	Attention: Exited at iteration 100 with accuracies 
[0.]
not reaching the requested tolerance 1e-08.
Use iteration 2 instead with accuracy 
1.5250633665334402e-08.

	Attention: Exited at iteration 100 with accuracies 
[0.0002]
not reaching the requested tolerance 1e-08.
Use iteration 4 instead with accuracy 
2.4045096080795103e-08.

	Attention: Exited at iteration 100 with accuracies 
[0.]
not reaching the requested tolerance 1e-08.
Use iteration 1 instead with accuracy 
1.3321691274884806e-08.

	Attention: Exited at iteration 100 with accuracies 
[0.]
not reaching the requested tolerance 1e-08.
Use iteration 1 instead with accuracy 
1.44183760872629e-08.

	Attention: Exited at iteration 100 with accuracies 
[0.]
not reaching the requested tolerance 1e-08.
Use iteration 1 instead with accuracy 
1.3825358224296678e-08.

	Attention: Exited at iteration 100 with accuracies 
[0.]
not reaching the requested tolerance 1e-08.
Use iteration 1 instead with accuracy 
1.4024070078456489e-08.

	Attention: Exited at iteration 100 with accuracies 
[0.]
not reaching the requested tolerance 1e-08.
Use iteration 1 instead with accuracy 
1.3800085034322712e-08.

	Attention: Exited at iteration 100 with accuracies 
[0.]
not reaching the requested tolerance 1e-08.
Use iteration 1 instead with accuracy 
1.3465762344738786e-08.

	Attention: Exited at iteration 100 with accuracies 
[0.0001]
not reaching the requested tolerance 1e-08.
Use iteration 1 instead with accuracy 
1.3347794311838057e-08.

	Attention: Exited at iteration 100 with accuracies 
[0.0005]
not reaching the requested tolerance 1e-08.
Use iteration 2 instead with accuracy 
1.7487480876089397e-08.

	Attention: Exited at iteration 100 with accuracies 
[0.]
not reaching the requested tolerance 1e-08.
Use iteration 1 instead with accuracy 
1.7760971028654493e-08.

	Attention: Exited at iteration 100 with accuracies 
[0.]
not reaching the requested tolerance 1e-08.
Use iteration 1 instead with accuracy 
1.627780803703036e-08.

	Attention: Exited at iteration 100 with accuracies 
[0.]
not reaching the requested tolerance 1e-08.
Use iteration 2 instead with accuracy 
1.932441359571727e-08.

	Attention: Exited at iteration 100 with accuracies 
[0.]
not reaching the requested tolerance 1e-08.
Use iteration 1 instead with accuracy 
1.5530632349711783e-08.

	Attention: Exited at iteration 100 with accuracies 
[0.]
not reaching the requested tolerance 1e-08.
Use iteration 1 instead with accuracy 
1.3326247971669932e-08.

	Attention: Exited at iteration 100 with accuracies 
[0.0001]
not reaching the requested tolerance 1e-08.
Use iteration 1 instead with accuracy 
1.4502906410023458e-08.

	Attention: Exited at iteration 100 with accuracies 
[0.0002]
not reaching the requested tolerance 1e-08.
Use iteration 1 instead with accuracy 
1.4437246891841597e-08.

	Attention: Exited at iteration 100 with accuracies 
[0.0002]
not reaching the requested tolerance 1e-08.
Use iteration 1 instead with accuracy 
1.3536892288941352e-08.

	Attention: Exited at iteration 100 with accuracies 
[0.0003]
not reaching the requested tolerance 1e-08.
Use iteration 1 instead with accuracy 
1.4802863234100646e-08.

	Attention: Exited at iteration 100 with accuracies 
[0.0001]
not reaching the requested tolerance 1e-08.
Use iteration 1 instead with accuracy 
1.3461348936395538e-08.

	Attention: Exited at iteration 100 with accuracies 
[0.]
not reaching the requested tolerance 1e-08.
Use iteration 1 instead with accuracy 
1.335973616983645e-08.

	Attention: Exited at iteration 100 with accuracies 
[0.]
not reaching the requested tolerance 1e-08.
Use iteration 1 instead with accuracy 
1.3733635689191139e-08.

	Attention: Exited at iteration 100 with accuracies 
[0.]
not reaching the requested tolerance 1e-08.
Use iteration 1 instead with accuracy 
1.342281161333692e-08.

	Attention: Exited at iteration 100 with accuracies 
[0.]
not reaching the requested tolerance 1e-08.
Use iteration 1 instead with accuracy 
1.3669125681940811e-08.

	Attention: Exited at iteration 100 with accuracies 
[0.]
not reaching the requested tolerance 1e-08.
Use iteration 1 instead with accuracy 
1.5302354195320183e-08.

	Attention: Exited at iteration 100 with accuracies 
[0.]
not reaching the requested tolerance 1e-08.
Use iteration 1 instead with accuracy 
1.3489794944872435e-08.

	Attention: Exited at iteration 100 with accuracies 
[0.]
not reaching the requested tolerance 1e-08.
Use iteration 1 instead with accuracy 
1.3433613681290932e-08.

	Attention: Exited at iteration 100 with accuracies 
[0.]
not reaching the requested tolerance 1e-08.
Use iteration 1 instead with accuracy 
1.363757055153031e-08.

	Attention: Exited at iteration 100 with accuracies 
[0.0002]
not reaching the requested tolerance 1e-08.
Use iteration 1 instead with accuracy 
1.360949921637196e-08.

	Attention: Exited at iteration 100 with accuracies 
[0.]
not reaching the requested tolerance 1e-08.
Use iteration 1 instead with accuracy 
1.3666102722579843e-08.

	Attention: Exited at iteration 100 with accuracies 
[0.]
not reaching the requested tolerance 1e-08.
Use iteration 1 instead with accuracy 
1.3855906066741936e-08.

	Attention: Exited at iteration 100 with accuracies 
[0.]
not reaching the requested tolerance 1e-08.
Use iteration 1 instead with accuracy 
1.3714536384527468e-08.

	Attention: Exited at iteration 100 with accuracies 
[0.]
not reaching the requested tolerance 1e-08.
Use iteration 1 instead with accuracy 
1.371525070810661e-08.

	Attention: Exited at iteration 100 with accuracies 
[0.]
not reaching the requested tolerance 1e-08.
Use iteration 1 instead with accuracy 
1.4133029755056481e-08.

	Attention: Exited at iteration 100 with accuracies 
[0.0001]
not reaching the requested tolerance 1e-08.
Use iteration 1 instead with accuracy 
1.4065674373975689e-08.

	Attention: Exited at iteration 100 with accuracies 
[0.]
not reaching the requested tolerance 1e-08.
Use iteration 1 instead with accuracy 
1.4043527756652083e-08.

	Attention: Exited at iteration 100 with accuracies 
[0.]
not reaching the requested tolerance 1e-08.
Use iteration 1 instead with accuracy 
1.5001452347790654e-08.

	Attention: Exited at iteration 100 with accuracies 
[0.]
not reaching the requested tolerance 1e-08.
Use iteration 1 instead with accuracy 
1.49048752522216e-08.

	Attention: Exited at iteration 100 with accuracies 
[0.]
not reaching the requested tolerance 1e-08.
Use iteration 1 instead with accuracy 
1.4909391407838215e-08.

	Attention: Exited at iteration 100 with accuracies 
[0.]
not reaching the requested tolerance 1e-08.
Use iteration 1 instead with accuracy 
1.4310573845213525e-08.

	Attention: Exited at iteration 100 with accuracies 
[0.]
not reaching the requested tolerance 1e-08.
Use iteration 1 instead with accuracy 
1.4260750111313759e-08.

	Attention: Exited at iteration 100 with accuracies 
[0.]
not reaching the requested tolerance 1e-08.
Use iteration 1 instead with accuracy 
1.4300522252446953e-08.

	Attention: Exited at iteration 100 with accuracies 
[0.]
not reaching the requested tolerance 1e-08.
Use iteration 1 instead with accuracy 
8.38803910515523e-08.

	Attention: Exited at iteration 100 with accuracies 
[0.0002]
not reaching the requested tolerance 1e-08.
Use iteration 1 instead with accuracy 
8.382197940191675e-08.

	Attention: Exited at iteration 100 with accuracies 
[0.]
not reaching the requested tolerance 1e-08.
Use iteration 1 instead with accuracy 
8.383112360943244e-08.

	Attention: Exited at iteration 100 with accuracies 
[0.0002]
not reaching the requested tolerance 1e-08.
Use iteration 1 instead with accuracy 
7.338229369596738e-08.

	Attention: Exited at iteration 100 with accuracies 
[0.001]
not reaching the requested tolerance 1e-08.
Use iteration 1 instead with accuracy 
7.292810560592871e-08.

	Attention: Exited at iteration 100 with accuracies 
[0.0002]
not reaching the requested tolerance 1e-08.
Use iteration 1 instead with accuracy 
7.290389328566317e-08.

	Attention: Exited at iteration 100 with accuracies 
[0.0001]
not reaching the requested tolerance 1e-08.
Use iteration 1 instead with accuracy 
6.926834242929871e-08.

	Attention: Exited at iteration 100 with accuracies 
[0.0001]
not reaching the requested tolerance 1e-08.
Use iteration 1 instead with accuracy 
6.896714209608223e-08.

	Attention: Exited at iteration 100 with accuracies 
[0.0001]
not reaching the requested tolerance 1e-08.
Use iteration 1 instead with accuracy 
6.809026093648638e-08.

	Attention: Exited at iteration 100 with accuracies 
[0.]
not reaching the requested tolerance 1e-08.
Use iteration 1 instead with accuracy 
7.616224112793816e-08.

	Attention: Exited at iteration 100 with accuracies 
[0.0001]
not reaching the requested tolerance 1e-08.
Use iteration 1 instead with accuracy 
7.604510564161572e-08.

	Attention: Exited at iteration 100 with accuracies 
[0.0001]
not reaching the requested tolerance 1e-08.
Use iteration 1 instead with accuracy 
7.604676968604678e-08.

	Attention: Exited at iteration 100 with accuracies 
[0.0001]
not reaching the requested tolerance 1e-08.
Use iteration 1 instead with accuracy 
1.0055750526981109e-07.

	Attention: Exited at iteration 100 with accuracies 
[0.]
not reaching the requested tolerance 1e-08.
Use iteration 1 instead with accuracy 
6.856300496540443e-08.

	Attention: Exited at iteration 100 with accuracies 
[0.]
not reaching the requested tolerance 1e-08.
Use iteration 1 instead with accuracy 
6.918788261074176e-08.

	Attention: Exited at iteration 100 with accuracies 
[0.]
not reaching the requested tolerance 1e-08.
Use iteration 1 instead with accuracy 
7.862695853261671e-08.

	Attention: Exited at iteration 100 with accuracies 
[0.0001]
not reaching the requested tolerance 1e-08.
Use iteration 1 instead with accuracy 
7.830928945543202e-08.

	Attention: Exited at iteration 100 with accuracies 
[0.0001]
not reaching the requested tolerance 1e-08.
Use iteration 1 instead with accuracy 
7.83264163290327e-08.

	Attention: Exited at iteration 100 with accuracies 
[0.]
not reaching the requested tolerance 1e-08.
Use iteration 1 instead with accuracy 
7.187469669968518e-08.

	Attention: Exited at iteration 100 with accuracies 
[0.0001]
not reaching the requested tolerance 1e-08.
Use iteration 1 instead with accuracy 
7.140363306851225e-08.

	Attention: Exited at iteration 100 with accuracies 
[0.]
not reaching the requested tolerance 1e-08.
Use iteration 1 instead with accuracy 
7.146546563176023e-08.

	Attention: Exited at iteration 100 with accuracies 
[0.]
not reaching the requested tolerance 1e-08.
Use iteration 1 instead with accuracy 
6.958769471257542e-08.

	Attention: Exited at iteration 100 with accuracies 
[0.]
not reaching the requested tolerance 1e-08.
Use iteration 1 instead with accuracy 
6.951589654168168e-08.

	Attention: Exited at iteration 100 with accuracies 
[0.]
not reaching the requested tolerance 1e-08.
Use iteration 1 instead with accuracy 
6.951021778674658e-08.

	Attention: Exited at iteration 100 with accuracies 
[0.0001]
not reaching the requested tolerance 1e-08.
Use iteration 1 instead with accuracy 
7.134314729650659e-08.

	Attention: Exited at iteration 100 with accuracies 
[0.]
not reaching the requested tolerance 1e-08.
Use iteration 1 instead with accuracy 
7.130945737674238e-08.

	Attention: Exited at iteration 100 with accuracies 
[0.]
not reaching the requested tolerance 1e-08.
Use iteration 1 instead with accuracy 
7.131069740062974e-08.

	Attention: Exited at iteration 100 with accuracies 
[0.0001]
not reaching the requested tolerance 1e-08.
Use iteration 1 instead with accuracy 
7.64424623292979e-08.

	Attention: Exited at iteration 100 with accuracies 
[0.]
not reaching the requested tolerance 1e-08.
Use iteration 1 instead with accuracy 
7.626544017140951e-08.

	Attention: Exited at iteration 100 with accuracies 
[0.]
not reaching the requested tolerance 1e-08.
Use iteration 1 instead with accuracy 
7.625079724714546e-08.

	Attention: Exited at iteration 100 with accuracies 
[0.]
not reaching the requested tolerance 1e-08.
Use iteration 1 instead with accuracy 
7.677179914491186e-08.

	Attention: Exited at iteration 100 with accuracies 
[0.]
not reaching the requested tolerance 1e-08.
Use iteration 1 instead with accuracy 
7.676718981793819e-08.

	Attention: Exited at iteration 100 with accuracies 
[0.]
not reaching the requested tolerance 1e-08.
Use iteration 1 instead with accuracy 
7.675997147800881e-08.

	Attention: Exited at iteration 100 with accuracies 
[0.]
not reaching the requested tolerance 1e-08.
Use iteration 1 instead with accuracy 
7.50666325342987e-08.

	Attention: Exited at iteration 100 with accuracies 
[0.]
not reaching the requested tolerance 1e-08.
Use iteration 1 instead with accuracy 
7.469240340963929e-08.

	Attention: Exited at iteration 100 with accuracies 
[0.0001]
not reaching the requested tolerance 1e-08.
Use iteration 1 instead with accuracy 
7.465359514148688e-08.

	Attention: Exited at iteration 100 with accuracies 
[0.0001]
not reaching the requested tolerance 1e-08.
Use iteration 1 instead with accuracy 
8.166644141573345e-08.

	Attention: Exited at iteration 100 with accuracies 
[0.0001]
not reaching the requested tolerance 1e-08.
Use iteration 1 instead with accuracy 
8.166159913749307e-08.

	Attention: Exited at iteration 100 with accuracies 
[0.]
not reaching the requested tolerance 1e-08.
Use iteration 1 instead with accuracy 
8.165053929638966e-08.

it 001 | main   | XZ  | ineq=active   | mu=1.29e-01 eta=1.00e-03 sigma=5.42e-03 | err c/p/d=4.21e-03/3.35e+00/6.83e+00 | ok=cpd | rmax X/Y/Z/T=26/5/11/10
it 002 | main   | XZ  | ineq=active   | mu=3.34e-02 eta=1.00e-03 sigma=7.05e-02 | err c/p/d=4.22e-03/3.81e-01/4.24e+00 | ok=cpd | rmax X/Y/Z/T=38/5/18/19
it 003 | main   | AHO | ineq=active   | mu=2.76e-03 eta=1.00e-03 sigma=2.33e-02 | err c/p/d=7.95e-04/3.26e-01/2.07e-01 | ok=cpd | rmax X/Y/Z/T=38/5/19/19
it 004 | main   | AHO | ineq=active   | mu=4.95e-03 eta=1.00e-03 sigma=7.19e-01 | err c/p/d=9.01e-04/2.65e-01/1.71e-01 | ok=cpd | rmax X/Y/Z/T=41/5/18/19
it 005 | main   | AHO | ineq=active   | mu=3.57e-03 eta=1.00e-03 sigma=6.12e-01 | err c/p/d=7.87e-04/1.48e-01/1.04e-01 | ok=cpd | rmax X/Y/Z/T=40/5/18/18
it 006 | main   | AHO | ineq=active   | mu=2.70e-03 eta=1.00e-03 sigma=7.45e-01 | err c/p/d=7.00e-04/6.14e-02/6.55e-02 | ok=cpd | rmax X/Y/Z/T=40/5/18/18
it 007 | main   | AHO | ineq=active   | mu=1.96e-03 eta=1.00e-03 sigma=8.08e-01 | err c/p/d=5.58e-04/2.00e-02/3.50e-02 | ok=cpd | rmax X/Y/Z/T=40/5/18/18
it 008 | main   | AHO | ineq=active   | mu=9.57e-04 eta=1.00e-03 sigma=8.56e-01 | err c/p/d=2.63e-04/1.61e-02/4.65e-03 | ok=cpd | rmax X/Y/Z/T=46/5/18/18
it 009 | main   | AHO | ineq=active   | mu=6.63e-04 eta=1.00e-03 sigma=7.75e-01 | err c/p/d=1.49e-04/7.09e-03/2.50e-03 | ok=cpd | rmax X/Y/Z/T=46/5/18/18
it 010 | main   | AHO | ineq=active   | mu=4.74e-04 eta=9.48e-04 sigma=8.67e-01 | err c/p/d=9.27e-05/3.06e-03/1.13e-03 | ok=CpD | rmax X/Y/Z/T=49/5/18/19
it 011 | finish | AHO | ineq=active   | mu=4.74e-04 eta=9.48e-04 sigma=0.00e+00 | err c/p/d=9.22e-05/2.66e-04/1.13e-03 | ok=CPD | rmax X/Y/Z/T=47/5/18/19
it 012 | finish | AHO | ineq=active   | mu=3.96e-04 eta=7.92e-04 sigma=0.00e+00 | err c/p/d=7.32e-05/7.88e-04/2.11e-03 | ok=Cpd | rmax X/Y/Z/T=47/5/17/18
it 013 | finish | AHO | ineq=active   | mu=2.83e-04 eta=5.67e-04 sigma=0.00e+00 | err c/p/d=4.82e-05/1.16e-03/1.88e-03 | ok=Cpd | rmax X/Y/Z/T=55/5/16/19
it 014 | finish | AHO | ineq=active   | mu=2.81e-04 eta=5.62e-04 sigma=0.00e+00 | err c/p/d=4.78e-05/1.19e-03/1.78e-03 | ok=Cpd | rmax X/Y/Z/T=55/5/17/19

	⚠️ Attention: 
	Number of restarts exhausted, Relative Error = 1.118628e+00. Consider increasing rank ceiling.

	==> Full traceback (most recent call last):
Traceback (most recent call last):
  File "/vol/bitbucket/fjk20/projects/Tensor-Train-Interior-Point-Method/psd_system/corr_clust/../../src/tt_ipm.py", line 762, in _tt_ipm_newton_step
    Delta_tt, _ = solver(
                  ~~~~~~^
        lhs_pred_tt,
        ^^^^^^^^^^^^
    ...<5 lines>...
        strict_first_attempt=status.aho_direction,
        ^^^^^^^^^^^^^^^^^^^^^^^^^^^^^^^^^^^^^^^^^^
    )
    ^
  File "/vol/bitbucket/fjk20/projects/Tensor-Train-Interior-Point-Method/psd_system/corr_clust/../../src/tt_ipm.py", line 1191, in <lambda>
    solver_ineq = lambda lhs, rhs, x0, nwsp, restriction, termination_tol, strict_first_attempt=False: tt_restarted_block_amen(
                                                                                                       ~~~~~~~~~~~~~~~~~~~~~~~^
        lhs,
        ^^^^
    ...<9 lines>...
        strict_first_attempt=strict_first_attempt
        ^^^^^^^^^^^^^^^^^^^^^^^^^^^^^^^^^^^^^^^^^
    )
    ^
  File "/vol/bitbucket/fjk20/projects/Tensor-Train-Interior-Point-Method/psd_system/corr_clust/../../src/tt_als.py", line 799, in tt_restarted_block_amen
    raise RuntimeError(f"\n\tTarget residual not reached after first AMEn attempt, Relative Error = {rhs_norm / orig_rhs_norm:.3e}.")
RuntimeError: 
	Target residual not reached after first AMEn attempt, Relative Error = 1.940e+00.

During handling of the above exception, another exception occurred:

Traceback (most recent call last):
  File "/vol/bitbucket/fjk20/projects/Tensor-Train-Interior-Point-Method/psd_system/corr_clust/../../src/tt_ipm.py", line 777, in _tt_ipm_newton_step
    Delta_tt, _ = solver(lhs_pred_tt, rhs_pred_tt, status.mals_delta0, status.kkt_iterations + status.is_last_iter, status.mals_rank_restriction, status.eta)
                  ~~~~~~^^^^^^^^^^^^^^^^^^^^^^^^^^^^^^^^^^^^^^^^^^^^^^^^^^^^^^^^^^^^^^^^^^^^^^^^^^^^^^^^^^^^^^^^^^^^^^^^^^^^^^^^^^^^^^^^^^^^^^^^^^^^^^^^^^^^^
  File "/vol/bitbucket/fjk20/projects/Tensor-Train-Interior-Point-Method/psd_system/corr_clust/../../src/tt_ipm.py", line 1191, in <lambda>
    solver_ineq = lambda lhs, rhs, x0, nwsp, restriction, termination_tol, strict_first_attempt=False: tt_restarted_block_amen(
                                                                                                       ~~~~~~~~~~~~~~~~~~~~~~~^
        lhs,
        ^^^^
    ...<9 lines>...
        strict_first_attempt=strict_first_attempt
        ^^^^^^^^^^^^^^^^^^^^^^^^^^^^^^^^^^^^^^^^^
    )
    ^
  File "/vol/bitbucket/fjk20/projects/Tensor-Train-Interior-Point-Method/psd_system/corr_clust/../../src/tt_als.py", line 828, in tt_restarted_block_amen
    raise RuntimeError(f"\n\tNumber of restarts exhausted, Relative Error = {rhs_norm / orig_rhs_norm:3e}. Consider increasing rank ceiling.")
RuntimeError: 
	Number of restarts exhausted, Relative Error = 1.118628e+00. Consider increasing rank ceiling.
---Terminated---
Terminated in 15 iterations.
Ranks: X=[5, 17, 55, 20, 7, 5, 4, 3], Z=[5, 15, 17, 8, 4, 4, 4, 3], Y=[2, 4, 5, 3, 2, 2, 2, 2], T=[7, 19, 17, 7, 2, 2, 2, 2]
Run terminated after 15 iterations. Compl Slackness: 9.4585e-02. Feasibility error: 2.2617e-05. Dual Feasibility error: 5.0766e-05.
Run terminated in 1041.49s. Memory: 381.34 MB.
Rerun with new seed 434 terminated. Feasibility error: 2.26e-05, dual feasibility error: 5.08e-05, slackness: 9.46e-02
Seed 434 terminated (feasibility error: 2.26e-05, dual feasibility error: 5.08e-05, slackness: 9.46e-02). Suggesting a new seed.
New seed suggested: 201
Creating Problem for dim=9, rank=5...
===Terminated Graph Sampling=== rank:  [3, 3, 5, 5, 4, 3, 2, 2]
===Terminated Graph Sampling=== rank:  [1, 1, 1, 1, 1, 1, 1, 1]
Actual graph TT-rank: [3, 3, 5, 5, 4, 3, 2, 2]
Obj TT-rank: [3, 8, 12, 11, 9, 5, 2, 2]
it 000 | main   | XZ  | ineq=active   | mu=1.09e-01 eta=1.00e-03 sigma=5.00e-01 | err c/p/d=8.51e-04/1.06e+01/1.20e+01 | ok=cpd | rmax X/Y/Z/T=6/1/1/5
	Attention: Exited at iteration 100 with accuracies 
[0.]
not reaching the requested tolerance 1e-08.
Use iteration 29 instead with accuracy 
1.422888859717199e-07.

	Attention: Exited at iteration 100 with accuracies 
[0.]
not reaching the requested tolerance 1e-08.
Use iteration 98 instead with accuracy 
5.5241349397496224e-08.

	Attention: Exited at iteration 100 with accuracies 
[0.]
not reaching the requested tolerance 1e-08.
Use iteration 4 instead with accuracy 
1.0549372338168362e-08.

	Attention: Exited at iteration 100 with accuracies 
[0.]
not reaching the requested tolerance 1e-08.
Use iteration 18 instead with accuracy 
1.2741211424557083e-07.

	Attention: Exited at iteration 100 with accuracies 
[0.0001]
not reaching the requested tolerance 1e-08.
Use iteration 19 instead with accuracy 
1.4009558341208244e-07.

	Attention: Exited at iteration 100 with accuracies 
[0.]
not reaching the requested tolerance 1e-08.
Use iteration 40 instead with accuracy 
9.817182184659642e-08.

	Attention: Exited at iteration 100 with accuracies 
[0.]
not reaching the requested tolerance 1e-08.
Use iteration 101 instead with accuracy 
1.6943136619220568e-07.

	Attention: Exited at iteration 100 with accuracies 
[0.]
not reaching the requested tolerance 1e-08.
Use iteration 101 instead with accuracy 
1.6943137563447375e-07.

	Attention: Exited at iteration 100 with accuracies 
[0.]
not reaching the requested tolerance 1e-08.
Use iteration 40 instead with accuracy 
9.817182169209416e-08.

	Attention: Exited at iteration 100 with accuracies 
[0.]
not reaching the requested tolerance 1e-08.
Use iteration 11 instead with accuracy 
1.3598348169131876e-07.

	Attention: Exited at iteration 100 with accuracies 
[0.]
not reaching the requested tolerance 1e-08.
Use iteration 73 instead with accuracy 
1.4714984529832777e-07.

	Attention: Exited at iteration 100 with accuracies 
[0.]
not reaching the requested tolerance 1e-08.
Use iteration 70 instead with accuracy 
1.1891965365719234e-07.

	Attention: Exited at iteration 100 with accuracies 
[0.]
not reaching the requested tolerance 1e-08.
Use iteration 14 instead with accuracy 
1.4544931462207523e-07.

	Attention: Exited at iteration 100 with accuracies 
[0.]
not reaching the requested tolerance 1e-08.
Use iteration 7 instead with accuracy 
1.450522290579918e-07.

	Attention: Exited at iteration 100 with accuracies 
[0.0001]
not reaching the requested tolerance 1e-08.
Use iteration 1 instead with accuracy 
3.164102150747088e-06.

	Attention: Exited at iteration 100 with accuracies 
[0.0001]
not reaching the requested tolerance 1e-08.
Use iteration 1 instead with accuracy 
3.1641021507389857e-06.

	Attention: Exited at iteration 100 with accuracies 
[0.]
not reaching the requested tolerance 1e-08.
Use iteration 7 instead with accuracy 
1.4505222711705606e-07.

	Attention: Exited at iteration 100 with accuracies 
[0.0001]
not reaching the requested tolerance 1e-08.
Use iteration 9 instead with accuracy 
1.2831290476481401e-07.

	Attention: Exited at iteration 100 with accuracies 
[0.]
not reaching the requested tolerance 1e-08.
Use iteration 32 instead with accuracy 
1.5461112422326985e-07.

	Attention: Exited at iteration 100 with accuracies 
[0.]
not reaching the requested tolerance 1e-08.
Use iteration 30 instead with accuracy 
1.4307304947971795e-07.

	Attention: Exited at iteration 100 with accuracies 
[0.]
not reaching the requested tolerance 1e-08.
Use iteration 13 instead with accuracy 
1.3036498955348084e-07.

	Attention: Exited at iteration 100 with accuracies 
[0.]
not reaching the requested tolerance 1e-08.
Use iteration 7 instead with accuracy 
1.2196313653509484e-07.

	Attention: Exited at iteration 100 with accuracies 
[0.]
not reaching the requested tolerance 1e-08.
Use iteration 17 instead with accuracy 
1.7424871934538706e-06.

	Attention: Exited at iteration 100 with accuracies 
[0.]
not reaching the requested tolerance 1e-08.
Use iteration 17 instead with accuracy 
1.7424872029416001e-06.

	Attention: Exited at iteration 100 with accuracies 
[0.]
not reaching the requested tolerance 1e-08.
Use iteration 7 instead with accuracy 
1.2196313878554054e-07.

	Attention: Exited at iteration 100 with accuracies 
[0.]
not reaching the requested tolerance 1e-08.
Use iteration 13 instead with accuracy 
1.2436510572212433e-07.

	Attention: Exited at iteration 100 with accuracies 
[0.]
not reaching the requested tolerance 1e-08.
Use iteration 92 instead with accuracy 
1.327547815270363e-07.

	Attention: Exited at iteration 100 with accuracies 
[0.]
not reaching the requested tolerance 1e-08.
Use iteration 72 instead with accuracy 
1.4984220149903845e-07.

	Attention: Exited at iteration 100 with accuracies 
[0.0001]
not reaching the requested tolerance 1e-08.
Use iteration 12 instead with accuracy 
1.5231898334217423e-07.

	Attention: Exited at iteration 100 with accuracies 
[0.]
not reaching the requested tolerance 1e-08.
Use iteration 13 instead with accuracy 
8.814070583103068e-08.

	Attention: Exited at iteration 100 with accuracies 
[0.]
not reaching the requested tolerance 1e-08.
Use iteration 29 instead with accuracy 
3.257824317634098e-07.

	Attention: Exited at iteration 100 with accuracies 
[0.]
not reaching the requested tolerance 1e-08.
Use iteration 29 instead with accuracy 
3.257824314700839e-07.

	Attention: Exited at iteration 100 with accuracies 
[0.]
not reaching the requested tolerance 1e-08.
Use iteration 13 instead with accuracy 
8.814070672135866e-08.

	Attention: Exited at iteration 100 with accuracies 
[0.0001]
not reaching the requested tolerance 1e-08.
Use iteration 12 instead with accuracy 
1.5316494886933726e-07.

	Attention: Exited at iteration 100 with accuracies 
[0.]
not reaching the requested tolerance 1e-08.
Use iteration 67 instead with accuracy 
1.2446262661187073e-07.

	Attention: Exited at iteration 100 with accuracies 
[0.]
not reaching the requested tolerance 1e-08.
Use iteration 65 instead with accuracy 
1.479877892642438e-07.

	Attention: Exited at iteration 100 with accuracies 
[0.]
not reaching the requested tolerance 1e-08.
Use iteration 18 instead with accuracy 
1.1572797175819845e-07.

	Attention: Exited at iteration 100 with accuracies 
[0.0001]
not reaching the requested tolerance 1e-08.
Use iteration 15 instead with accuracy 
1.0469039775316543e-07.

	Attention: Exited at iteration 100 with accuracies 
[0.]
not reaching the requested tolerance 1e-08.
Use iteration 11 instead with accuracy 
1.1708730152108013e-07.

	Attention: Exited at iteration 100 with accuracies 
[0.]
not reaching the requested tolerance 1e-08.
Use iteration 11 instead with accuracy 
1.1708730198516515e-07.

	Attention: Exited at iteration 100 with accuracies 
[0.0001]
not reaching the requested tolerance 1e-08.
Use iteration 15 instead with accuracy 
1.046903960892245e-07.

	Attention: Exited at iteration 100 with accuracies 
[0.]
not reaching the requested tolerance 1e-08.
Use iteration 18 instead with accuracy 
1.1827070268127467e-07.

	Attention: Exited at iteration 100 with accuracies 
[0.]
not reaching the requested tolerance 1e-08.
Use iteration 71 instead with accuracy 
1.2793807105353223e-07.

	Attention: Exited at iteration 100 with accuracies 
[0.]
not reaching the requested tolerance 1e-08.
Use iteration 19 instead with accuracy 
1.2774588965352131e-07.

	Attention: Exited at iteration 100 with accuracies 
[0.]
not reaching the requested tolerance 1e-08.
Use iteration 15 instead with accuracy 
9.531802913488094e-08.

	Attention: Exited at iteration 100 with accuracies 
[0.]
not reaching the requested tolerance 1e-08.
Use iteration 16 instead with accuracy 
1.0090364476984275e-07.

	Attention: Exited at iteration 100 with accuracies 
[0.0001]
not reaching the requested tolerance 1e-08.
Use iteration 15 instead with accuracy 
1.5249400383714906e-06.

	Attention: Exited at iteration 100 with accuracies 
[0.0001]
not reaching the requested tolerance 1e-08.
Use iteration 15 instead with accuracy 
1.5249400358704653e-06.

	Attention: Exited at iteration 100 with accuracies 
[0.]
not reaching the requested tolerance 1e-08.
Use iteration 16 instead with accuracy 
1.0090364512798178e-07.

	Attention: Exited at iteration 100 with accuracies 
[0.]
not reaching the requested tolerance 1e-08.
Use iteration 15 instead with accuracy 
9.568247425033644e-08.

	Attention: Exited at iteration 100 with accuracies 
[0.]
not reaching the requested tolerance 1e-08.
Use iteration 80 instead with accuracy 
1.4748545390353023e-07.

	Attention: Exited at iteration 100 with accuracies 
[0.]
not reaching the requested tolerance 1e-08.
Use iteration 58 instead with accuracy 
1.5991246603307127e-07.

	Attention: Exited at iteration 100 with accuracies 
[0.]
not reaching the requested tolerance 1e-08.
Use iteration 17 instead with accuracy 
9.44204357519658e-08.

	Attention: Exited at iteration 100 with accuracies 
[0.0001]
not reaching the requested tolerance 1e-08.
Use iteration 15 instead with accuracy 
7.27906021913861e-08.

	Attention: Exited at iteration 100 with accuracies 
[0.]
not reaching the requested tolerance 1e-08.
Use iteration 10 instead with accuracy 
3.071602217386199e-07.

	Attention: Exited at iteration 100 with accuracies 
[0.]
not reaching the requested tolerance 1e-08.
Use iteration 10 instead with accuracy 
3.071602217715516e-07.

	Attention: Exited at iteration 100 with accuracies 
[0.0001]
not reaching the requested tolerance 1e-08.
Use iteration 15 instead with accuracy 
7.279060212473823e-08.

	Attention: Exited at iteration 100 with accuracies 
[0.]
not reaching the requested tolerance 1e-08.
Use iteration 17 instead with accuracy 
9.460973947026787e-08.

	Attention: Exited at iteration 100 with accuracies 
[0.]
not reaching the requested tolerance 1e-08.
Use iteration 76 instead with accuracy 
1.2860081955867319e-07.

	Attention: Exited at iteration 100 with accuracies 
[0.]
not reaching the requested tolerance 1e-08.
Use iteration 76 instead with accuracy 
1.4622408332817393e-07.

	Attention: Exited at iteration 100 with accuracies 
[0.]
not reaching the requested tolerance 1e-08.
Use iteration 16 instead with accuracy 
9.364965335730953e-08.

	Attention: Exited at iteration 100 with accuracies 
[0.0002]
not reaching the requested tolerance 1e-08.
Use iteration 14 instead with accuracy 
8.603641364773425e-08.

	Attention: Exited at iteration 100 with accuracies 
[0.]
not reaching the requested tolerance 1e-08.
Use iteration 29 instead with accuracy 
1.6241675171251524e-06.

	Attention: Exited at iteration 100 with accuracies 
[0.]
not reaching the requested tolerance 1e-08.
Use iteration 29 instead with accuracy 
1.6241675161783063e-06.

	Attention: Exited at iteration 100 with accuracies 
[0.0002]
not reaching the requested tolerance 1e-08.
Use iteration 14 instead with accuracy 
8.603641350983512e-08.

	Attention: Exited at iteration 100 with accuracies 
[0.]
not reaching the requested tolerance 1e-08.
Use iteration 16 instead with accuracy 
9.378827186324022e-08.

	Attention: Exited at iteration 100 with accuracies 
[0.]
not reaching the requested tolerance 1e-08.
Use iteration 56 instead with accuracy 
1.2993618639699113e-07.

	Attention: Exited at iteration 100 with accuracies 
[0.]
not reaching the requested tolerance 1e-08.
Use iteration 56 instead with accuracy 
1.1018313345222989e-07.

	Attention: Exited at iteration 100 with accuracies 
[0.0001]
not reaching the requested tolerance 1e-08.
Use iteration 15 instead with accuracy 
1.0363310596182329e-07.

	Attention: Exited at iteration 100 with accuracies 
[0.]
not reaching the requested tolerance 1e-08.
Use iteration 14 instead with accuracy 
9.101898495348929e-08.

	Attention: Exited at iteration 100 with accuracies 
[0.0002]
not reaching the requested tolerance 1e-08.
Use iteration 10 instead with accuracy 
1.3140010884757314e-07.

	Attention: Exited at iteration 100 with accuracies 
[0.]
not reaching the requested tolerance 1e-08.
Use iteration 47 instead with accuracy 
2.098034462531392e-08.

	Attention: Exited at iteration 100 with accuracies 
[0.]
not reaching the requested tolerance 1e-08.
Use iteration 73 instead with accuracy 
2.1822198635679993e-07.

	Attention: Exited at iteration 100 with accuracies 
[0.]
not reaching the requested tolerance 1e-08.
Use iteration 96 instead with accuracy 
5.550245619083769e-08.

	Attention: Exited at iteration 100 with accuracies 
[0.0004]
not reaching the requested tolerance 1e-08.
Use iteration 33 instead with accuracy 
5.911921117425919e-07.

	Attention: Exited at iteration 100 with accuracies 
[0.]
not reaching the requested tolerance 1e-08.
Use iteration 97 instead with accuracy 
3.7606052468317963e-06.

	Attention: Exited at iteration 100 with accuracies 
[0.0001]
not reaching the requested tolerance 1e-08.
Use iteration 27 instead with accuracy 
5.519891304219818e-06.

	Attention: Exited at iteration 100 with accuracies 
[0.]
not reaching the requested tolerance 1e-08.
Use iteration 98 instead with accuracy 
1.8367110868875327e-07.

	Attention: Exited at iteration 100 with accuracies 
[0.]
not reaching the requested tolerance 1e-08.
Use iteration 101 instead with accuracy 
1.8132979094281244e-07.

	Attention: Exited at iteration 100 with accuracies 
[0.0002]
not reaching the requested tolerance 1e-08.
Use iteration 39 instead with accuracy 
7.791315402847932e-06.

	Attention: Exited at iteration 100 with accuracies 
[0.0001]
not reaching the requested tolerance 1e-08.
Use iteration 1 instead with accuracy 
1.0541996423822975e-05.

	Attention: Exited at iteration 100 with accuracies 
[0.]
not reaching the requested tolerance 1e-08.
Use iteration 89 instead with accuracy 
7.021877608301567e-06.

	Attention: Exited at iteration 100 with accuracies 
[0.001]
not reaching the requested tolerance 1e-08.
Use iteration 77 instead with accuracy 
6.40204671539304e-06.

	Attention: Exited at iteration 100 with accuracies 
[0.]
not reaching the requested tolerance 1e-08.
Use iteration 1 instead with accuracy 
1.0899303958333402e-05.

	Attention: Exited at iteration 100 with accuracies 
[0.0001]
not reaching the requested tolerance 1e-08.
Use iteration 70 instead with accuracy 
1.0488288843207704e-05.

	Attention: Exited at iteration 100 with accuracies 
[0.0001]
not reaching the requested tolerance 1e-08.
Use iteration 92 instead with accuracy 
2.842318481485541e-06.

	Attention: Exited at iteration 100 with accuracies 
[0.0001]
not reaching the requested tolerance 1e-08.
Use iteration 86 instead with accuracy 
3.7212974537715596e-06.

	Attention: Exited at iteration 100 with accuracies 
[0.0001]
not reaching the requested tolerance 1e-08.
Use iteration 1 instead with accuracy 
1.0040568409215306e-05.

	Attention: Exited at iteration 100 with accuracies 
[0.]
not reaching the requested tolerance 1e-08.
Use iteration 1 instead with accuracy 
9.999291592186324e-06.

	Attention: Exited at iteration 100 with accuracies 
[0.0001]
not reaching the requested tolerance 1e-08.
Use iteration 95 instead with accuracy 
9.347516461158826e-06.

	Attention: Exited at iteration 100 with accuracies 
[0.0004]
not reaching the requested tolerance 1e-08.
Use iteration 31 instead with accuracy 
5.8283263790063475e-06.

	Attention: Exited at iteration 100 with accuracies 
[0.0001]
not reaching the requested tolerance 1e-08.
Use iteration 64 instead with accuracy 
8.715361853405938e-06.

	Attention: Exited at iteration 100 with accuracies 
[0.0001]
not reaching the requested tolerance 1e-08.
Use iteration 1 instead with accuracy 
1.1276872602627224e-05.

	Attention: Exited at iteration 100 with accuracies 
[0.]
not reaching the requested tolerance 1e-08.
Use iteration 85 instead with accuracy 
2.0295138752894505e-06.

	Attention: Exited at iteration 100 with accuracies 
[0.]
not reaching the requested tolerance 1e-08.
Use iteration 99 instead with accuracy 
3.430992804626264e-06.

	Attention: Exited at iteration 100 with accuracies 
[0.]
not reaching the requested tolerance 1e-08.
Use iteration 87 instead with accuracy 
9.614764272948296e-06.

	Attention: Exited at iteration 100 with accuracies 
[0.]
not reaching the requested tolerance 1e-08.
Use iteration 1 instead with accuracy 
1.1141487253411202e-05.

	Attention: Exited at iteration 100 with accuracies 
[0.0007]
not reaching the requested tolerance 1e-08.
Use iteration 53 instead with accuracy 
5.848966842745133e-06.

	Attention: Exited at iteration 100 with accuracies 
[0.0004]
not reaching the requested tolerance 1e-08.
Use iteration 60 instead with accuracy 
5.996986799601392e-06.

	Attention: Exited at iteration 100 with accuracies 
[0.0002]
not reaching the requested tolerance 1e-08.
Use iteration 69 instead with accuracy 
1.0000828013519389e-05.

	Attention: Exited at iteration 100 with accuracies 
[0.0001]
not reaching the requested tolerance 1e-08.
Use iteration 62 instead with accuracy 
1.125966826815544e-05.

	Attention: Exited at iteration 100 with accuracies 
[0.0001]
not reaching the requested tolerance 1e-08.
Use iteration 55 instead with accuracy 
5.780838183108794e-06.

	Attention: Exited at iteration 100 with accuracies 
[0.]
not reaching the requested tolerance 1e-08.
Use iteration 58 instead with accuracy 
7.031755065465346e-06.

	Attention: Exited at iteration 100 with accuracies 
[0.]
not reaching the requested tolerance 1e-08.
Use iteration 89 instead with accuracy 
1.0048679476591379e-05.

	Attention: Exited at iteration 100 with accuracies 
[0.]
not reaching the requested tolerance 1e-08.
Use iteration 0 instead with accuracy 
1.2755443297592055e-05.

	Attention: Exited at iteration 100 with accuracies 
[0.001]
not reaching the requested tolerance 1e-08.
Use iteration 66 instead with accuracy 
1.1368122582898576e-05.

	Attention: Exited at iteration 100 with accuracies 
[0.0002]
not reaching the requested tolerance 1e-08.
Use iteration 1 instead with accuracy 
1.0370206998892852e-05.

	Attention: Exited at iteration 100 with accuracies 
[0.0001]
not reaching the requested tolerance 1e-08.
Use iteration 1 instead with accuracy 
9.979992280383366e-06.

	Attention: Exited at iteration 100 with accuracies 
[0.]
not reaching the requested tolerance 1e-08.
Use iteration 1 instead with accuracy 
9.903468958219574e-06.

	Attention: Exited at iteration 100 with accuracies 
[0.]
not reaching the requested tolerance 1e-08.
Use iteration 43 instead with accuracy 
4.9368465118121205e-06.

	Attention: Exited at iteration 100 with accuracies 
[0.]
not reaching the requested tolerance 1e-08.
Use iteration 45 instead with accuracy 
8.928195745701268e-06.

	Attention: Exited at iteration 100 with accuracies 
[0.]
not reaching the requested tolerance 1e-08.
Use iteration 1 instead with accuracy 
1.0049297081496381e-05.

	Attention: Exited at iteration 100 with accuracies 
[0.]
not reaching the requested tolerance 1e-08.
Use iteration 1 instead with accuracy 
1.0007223023053642e-05.

	Attention: Exited at iteration 100 with accuracies 
[0.0009]
not reaching the requested tolerance 1e-08.
Use iteration 1 instead with accuracy 
9.991209428201657e-06.

	Attention: Exited at iteration 100 with accuracies 
[0.0002]
not reaching the requested tolerance 1e-08.
Use iteration 56 instead with accuracy 
9.176453311089225e-06.

	Attention: Exited at iteration 100 with accuracies 
[0.]
not reaching the requested tolerance 1e-08.
Use iteration 1 instead with accuracy 
1.017616985037211e-05.

	Attention: Exited at iteration 100 with accuracies 
[0.0001]
not reaching the requested tolerance 1e-08.
Use iteration 1 instead with accuracy 
1.0132420376892939e-05.

	Attention: Exited at iteration 100 with accuracies 
[0.0002]
not reaching the requested tolerance 1e-08.
Use iteration 56 instead with accuracy 
6.300931543444254e-06.

	Attention: Exited at iteration 100 with accuracies 
[0.0001]
not reaching the requested tolerance 1e-08.
Use iteration 75 instead with accuracy 
7.261810132309641e-06.

	Attention: Exited at iteration 100 with accuracies 
[0.]
not reaching the requested tolerance 1e-08.
Use iteration 1 instead with accuracy 
1.0501815230072942e-05.

	Attention: Exited at iteration 100 with accuracies 
[0.]
not reaching the requested tolerance 1e-08.
Use iteration 1 instead with accuracy 
1.048991638576866e-05.

	Attention: Exited at iteration 100 with accuracies 
[0.0003]
not reaching the requested tolerance 1e-08.
Use iteration 61 instead with accuracy 
9.686104512229866e-06.

	Attention: Exited at iteration 100 with accuracies 
[0.0007]
not reaching the requested tolerance 1e-08.
Use iteration 1 instead with accuracy 
1.0416101966786522e-05.

	Attention: Exited at iteration 100 with accuracies 
[0.]
not reaching the requested tolerance 1e-08.
Use iteration 1 instead with accuracy 
1.022893762741345e-05.

	Attention: Exited at iteration 100 with accuracies 
[0.]
not reaching the requested tolerance 1e-08.
Use iteration 1 instead with accuracy 
1.0189235838602572e-05.

	Attention: Exited at iteration 100 with accuracies 
[0.]
not reaching the requested tolerance 1e-08.
Use iteration 52 instead with accuracy 
6.975434923875288e-06.

	Attention: Exited at iteration 100 with accuracies 
[0.]
not reaching the requested tolerance 1e-08.
Use iteration 1 instead with accuracy 
1.0116658302616663e-05.

	Attention: Exited at iteration 100 with accuracies 
[0.]
not reaching the requested tolerance 1e-08.
Use iteration 1 instead with accuracy 
1.0111985207834016e-05.

	Attention: Exited at iteration 100 with accuracies 
[0.]
not reaching the requested tolerance 1e-08.
Use iteration 1 instead with accuracy 
1.0071455367243937e-05.

	Attention: Exited at iteration 100 with accuracies 
[0.0006]
not reaching the requested tolerance 1e-08.
Use iteration 1 instead with accuracy 
1.005379136486403e-05.

	Attention: Exited at iteration 100 with accuracies 
[0.0001]
not reaching the requested tolerance 1e-08.
Use iteration 1 instead with accuracy 
1.020674773010187e-05.

	Attention: Exited at iteration 100 with accuracies 
[0.]
not reaching the requested tolerance 1e-08.
Use iteration 1 instead with accuracy 
1.0143776047988454e-05.

	Attention: Exited at iteration 100 with accuracies 
[0.0001]
not reaching the requested tolerance 1e-08.
Use iteration 1 instead with accuracy 
1.014011382872487e-05.

	Attention: Exited at iteration 100 with accuracies 
[0.0001]
not reaching the requested tolerance 1e-08.
Use iteration 56 instead with accuracy 
6.167839824611936e-06.

	Attention: Exited at iteration 100 with accuracies 
[0.]
not reaching the requested tolerance 1e-08.
Use iteration 77 instead with accuracy 
6.589831810791772e-06.

	Attention: Exited at iteration 100 with accuracies 
[0.]
not reaching the requested tolerance 1e-08.
Use iteration 1 instead with accuracy 
1.0184525965820845e-05.

	Attention: Exited at iteration 100 with accuracies 
[0.]
not reaching the requested tolerance 1e-08.
Use iteration 1 instead with accuracy 
1.01628361503639e-05.

	Attention: Exited at iteration 100 with accuracies 
[0.0012]
not reaching the requested tolerance 1e-08.
Use iteration 1 instead with accuracy 
1.0156953817969982e-05.

	Attention: Exited at iteration 100 with accuracies 
[0.0004]
not reaching the requested tolerance 1e-08.
Use iteration 1 instead with accuracy 
1.0708980875990922e-05.

	Attention: Exited at iteration 100 with accuracies 
[0.0002]
not reaching the requested tolerance 1e-08.
Use iteration 1 instead with accuracy 
1.0172152270526041e-05.

	Attention: Exited at iteration 100 with accuracies 
[0.0003]
not reaching the requested tolerance 1e-08.
Use iteration 1 instead with accuracy 
1.0120389091605724e-05.

	Attention: Exited at iteration 100 with accuracies 
[0.0004]
not reaching the requested tolerance 1e-08.
Use iteration 49 instead with accuracy 
9.137741255567138e-06.

	Attention: Exited at iteration 100 with accuracies 
[0.]
not reaching the requested tolerance 1e-08.
Use iteration 66 instead with accuracy 
7.691950158137557e-07.

	Attention: Exited at iteration 100 with accuracies 
[0.]
not reaching the requested tolerance 1e-08.
Use iteration 89 instead with accuracy 
2.7812086625610903e-06.

	Attention: Exited at iteration 100 with accuracies 
[0.]
not reaching the requested tolerance 1e-08.
Use iteration 76 instead with accuracy 
1.0409165375644907e-06.

	Attention: Exited at iteration 100 with accuracies 
[0.]
not reaching the requested tolerance 1e-08.
Use iteration 61 instead with accuracy 
1.271424978505863e-08.

	Attention: Exited at iteration 100 with accuracies 
[0.]
not reaching the requested tolerance 1e-08.
Use iteration 66 instead with accuracy 
1.9345376922162496e-08.

	Attention: Exited at iteration 100 with accuracies 
[0.]
not reaching the requested tolerance 1e-08.
Use iteration 99 instead with accuracy 
1.0626571980376312e-07.

	Attention: Exited at iteration 100 with accuracies 
[0.]
not reaching the requested tolerance 1e-08.
Use iteration 83 instead with accuracy 
1.1070807278970545e-07.

	Attention: Exited at iteration 100 with accuracies 
[0.]
not reaching the requested tolerance 1e-08.
Use iteration 66 instead with accuracy 
1.1147896235851533e-07.

	Attention: Exited at iteration 100 with accuracies 
[0.]
not reaching the requested tolerance 1e-08.
Use iteration 93 instead with accuracy 
3.694741525500171e-08.

	Attention: Exited at iteration 100 with accuracies 
[0.]
not reaching the requested tolerance 1e-08.
Use iteration 101 instead with accuracy 
3.414972717639105e-08.

	Attention: Exited at iteration 100 with accuracies 
[0.]
not reaching the requested tolerance 1e-08.
Use iteration 48 instead with accuracy 
1.5445638116406355e-07.

	Attention: Exited at iteration 100 with accuracies 
[0.]
not reaching the requested tolerance 1e-08.
Use iteration 93 instead with accuracy 
1.6934501502365013e-06.

	Attention: Exited at iteration 100 with accuracies 
[0.]
not reaching the requested tolerance 1e-08.
Use iteration 91 instead with accuracy 
9.284174408360701e-07.

	Attention: Exited at iteration 100 with accuracies 
[0.]
not reaching the requested tolerance 1e-08.
Use iteration 101 instead with accuracy 
4.223798598381399e-07.

	Attention: Exited at iteration 100 with accuracies 
[0.]
not reaching the requested tolerance 1e-08.
Use iteration 86 instead with accuracy 
2.2040428183028028e-07.

	Attention: Exited at iteration 100 with accuracies 
[0.]
not reaching the requested tolerance 1e-08.
Use iteration 91 instead with accuracy 
3.921296912840616e-06.

	Attention: Exited at iteration 100 with accuracies 
[0.]
not reaching the requested tolerance 1e-08.
Use iteration 32 instead with accuracy 
3.887219780485061e-06.

	Attention: Exited at iteration 100 with accuracies 
[0.]
not reaching the requested tolerance 1e-08.
Use iteration 67 instead with accuracy 
9.566878131309949e-06.

	Attention: Exited at iteration 100 with accuracies 
[0.]
not reaching the requested tolerance 1e-08.
Use iteration 81 instead with accuracy 
1.2909391337141711e-05.

	Attention: Exited at iteration 100 with accuracies 
[0.0003]
not reaching the requested tolerance 1e-08.
Use iteration 16 instead with accuracy 
1.3150934771205366e-05.

	Attention: Exited at iteration 100 with accuracies 
[0.]
not reaching the requested tolerance 1e-08.
Use iteration 90 instead with accuracy 
2.646009395755755e-08.

	Attention: Exited at iteration 100 with accuracies 
[0.0016]
not reaching the requested tolerance 1e-08.
Use iteration 59 instead with accuracy 
8.194847792792191e-07.

	Attention: Exited at iteration 100 with accuracies 
[0.]
not reaching the requested tolerance 1e-08.
Use iteration 101 instead with accuracy 
2.343937611850584e-06.

	Attention: Exited at iteration 100 with accuracies 
[0.]
not reaching the requested tolerance 1e-08.
Use iteration 92 instead with accuracy 
5.864412177643357e-06.

	Attention: Exited at iteration 100 with accuracies 
[0.]
not reaching the requested tolerance 1e-08.
Use iteration 92 instead with accuracy 
2.856809321196846e-07.

	Attention: Exited at iteration 100 with accuracies 
[0.]
not reaching the requested tolerance 1e-08.
Use iteration 86 instead with accuracy 
1.792490356850598e-07.

	Attention: Exited at iteration 100 with accuracies 
[0.]
not reaching the requested tolerance 1e-08.
Use iteration 101 instead with accuracy 
5.9887650427234044e-06.

	Attention: Exited at iteration 100 with accuracies 
[0.0014]
not reaching the requested tolerance 1e-08.
Use iteration 31 instead with accuracy 
1.366256626958073e-05.

	Attention: Exited at iteration 100 with accuracies 
[0.0014]
not reaching the requested tolerance 1e-08.
Use iteration 13 instead with accuracy 
1.2342145849770969e-05.

	Attention: Exited at iteration 100 with accuracies 
[0.]
not reaching the requested tolerance 1e-08.
Use iteration 100 instead with accuracy 
1.8134482258485902e-07.

	Attention: Exited at iteration 100 with accuracies 
[0.]
not reaching the requested tolerance 1e-08.
Use iteration 96 instead with accuracy 
1.6172544748162622e-07.

	Attention: Exited at iteration 100 with accuracies 
[0.0014]
not reaching the requested tolerance 1e-08.
Use iteration 23 instead with accuracy 
1.0883195506726938e-05.

	Attention: Exited at iteration 100 with accuracies 
[0.0012]
not reaching the requested tolerance 1e-08.
Use iteration 24 instead with accuracy 
1.4730709617220146e-05.

	Attention: Exited at iteration 100 with accuracies 
[0.0015]
not reaching the requested tolerance 1e-08.
Use iteration 21 instead with accuracy 
1.2657931569225081e-05.

	Attention: Exited at iteration 100 with accuracies 
[0.]
not reaching the requested tolerance 1e-08.
Use iteration 66 instead with accuracy 
5.881028947638592e-06.

	Attention: Exited at iteration 100 with accuracies 
[0.]
not reaching the requested tolerance 1e-08.
Use iteration 70 instead with accuracy 
5.385198125789211e-06.

	Attention: Exited at iteration 100 with accuracies 
[0.0009]
not reaching the requested tolerance 1e-08.
Use iteration 13 instead with accuracy 
1.0373337185892079e-05.

	Attention: Exited at iteration 100 with accuracies 
[0.0018]
not reaching the requested tolerance 1e-08.
Use iteration 33 instead with accuracy 
2.1617408583194584e-05.

	Attention: Exited at iteration 100 with accuracies 
[0.0007]
not reaching the requested tolerance 1e-08.
Use iteration 14 instead with accuracy 
1.4138408478538243e-05.

	Attention: Exited at iteration 100 with accuracies 
[0.]
not reaching the requested tolerance 1e-08.
Use iteration 98 instead with accuracy 
6.258463378931493e-06.

	Attention: Exited at iteration 100 with accuracies 
[0.]
not reaching the requested tolerance 1e-08.
Use iteration 91 instead with accuracy 
5.775984571803579e-06.

	Attention: Exited at iteration 100 with accuracies 
[0.0002]
not reaching the requested tolerance 1e-08.
Use iteration 26 instead with accuracy 
1.377076184686935e-05.

	Attention: Exited at iteration 100 with accuracies 
[0.0015]
not reaching the requested tolerance 1e-08.
Use iteration 29 instead with accuracy 
1.710168797777302e-05.

	Attention: Exited at iteration 100 with accuracies 
[0.0005]
not reaching the requested tolerance 1e-08.
Use iteration 21 instead with accuracy 
1.6672248907427458e-05.

	Attention: Exited at iteration 100 with accuracies 
[0.]
not reaching the requested tolerance 1e-08.
Use iteration 99 instead with accuracy 
1.4670179218616714e-06.

	Attention: Exited at iteration 100 with accuracies 
[0.]
not reaching the requested tolerance 1e-08.
Use iteration 91 instead with accuracy 
8.174276875016645e-07.

	Attention: Exited at iteration 100 with accuracies 
[0.0004]
not reaching the requested tolerance 1e-08.
Use iteration 30 instead with accuracy 
1.8048676739857126e-05.

	Attention: Exited at iteration 100 with accuracies 
[0.0013]
not reaching the requested tolerance 1e-08.
Use iteration 27 instead with accuracy 
2.456253599599582e-05.

	Attention: Exited at iteration 100 with accuracies 
[0.0003]
not reaching the requested tolerance 1e-08.
Use iteration 15 instead with accuracy 
1.953157692791011e-05.

	Attention: Exited at iteration 100 with accuracies 
[0.]
not reaching the requested tolerance 1e-08.
Use iteration 93 instead with accuracy 
1.1107740941589458e-06.

	Attention: Exited at iteration 100 with accuracies 
[0.]
not reaching the requested tolerance 1e-08.
Use iteration 100 instead with accuracy 
6.719548020044382e-07.

	Attention: Exited at iteration 100 with accuracies 
[0.0014]
not reaching the requested tolerance 1e-08.
Use iteration 28 instead with accuracy 
1.4678650557497386e-05.

	Attention: Exited at iteration 100 with accuracies 
[0.0018]
not reaching the requested tolerance 1e-08.
Use iteration 23 instead with accuracy 
1.685299978899548e-05.

	Attention: Exited at iteration 100 with accuracies 
[0.0004]
not reaching the requested tolerance 1e-08.
Use iteration 22 instead with accuracy 
1.525810207502699e-05.

	Attention: Exited at iteration 100 with accuracies 
[0.]
not reaching the requested tolerance 1e-08.
Use iteration 72 instead with accuracy 
5.060940668882605e-06.

	Attention: Exited at iteration 100 with accuracies 
[0.]
not reaching the requested tolerance 1e-08.
Use iteration 88 instead with accuracy 
5.609100756520881e-06.

	Attention: Exited at iteration 100 with accuracies 
[0.0005]
not reaching the requested tolerance 1e-08.
Use iteration 18 instead with accuracy 
1.1653060921558185e-05.

	Attention: Exited at iteration 100 with accuracies 
[0.0008]
not reaching the requested tolerance 1e-08.
Use iteration 31 instead with accuracy 
1.9352128392325922e-05.

	Attention: Exited at iteration 100 with accuracies 
[0.0014]
not reaching the requested tolerance 1e-08.
Use iteration 11 instead with accuracy 
1.1026775175003884e-05.

	Attention: Exited at iteration 100 with accuracies 
[0.]
not reaching the requested tolerance 1e-08.
Use iteration 90 instead with accuracy 
3.2506456543211653e-06.

	Attention: Exited at iteration 100 with accuracies 
[0.]
not reaching the requested tolerance 1e-08.
Use iteration 86 instead with accuracy 
3.7858970181055437e-06.

	Attention: Exited at iteration 100 with accuracies 
[0.0003]
not reaching the requested tolerance 1e-08.
Use iteration 19 instead with accuracy 
1.691957902135162e-05.

	Attention: Exited at iteration 100 with accuracies 
[0.0017]
not reaching the requested tolerance 1e-08.
Use iteration 26 instead with accuracy 
1.7376961420852792e-05.

	Attention: Exited at iteration 100 with accuracies 
[0.0017]
not reaching the requested tolerance 1e-08.
Use iteration 19 instead with accuracy 
1.0804128952373592e-05.

	Attention: Exited at iteration 100 with accuracies 
[0.]
not reaching the requested tolerance 1e-08.
Use iteration 100 instead with accuracy 
1.4454757901858145e-06.

	Attention: Exited at iteration 100 with accuracies 
[0.]
not reaching the requested tolerance 1e-08.
Use iteration 93 instead with accuracy 
6.973109268058972e-07.

	Attention: Exited at iteration 100 with accuracies 
[0.0011]
not reaching the requested tolerance 1e-08.
Use iteration 16 instead with accuracy 
1.194699318277993e-05.

	Attention: Exited at iteration 100 with accuracies 
[0.001]
not reaching the requested tolerance 1e-08.
Use iteration 27 instead with accuracy 
2.740517294757665e-05.

	Attention: Exited at iteration 100 with accuracies 
[0.0013]
not reaching the requested tolerance 1e-08.
Use iteration 13 instead with accuracy 
1.6559224475580825e-05.

	Attention: Exited at iteration 100 with accuracies 
[0.]
not reaching the requested tolerance 1e-08.
Use iteration 97 instead with accuracy 
2.830938833231748e-07.

	Attention: Exited at iteration 100 with accuracies 
[0.]
not reaching the requested tolerance 1e-08.
Use iteration 91 instead with accuracy 
2.6030148923233073e-07.

	Attention: Exited at iteration 100 with accuracies 
[0.0009]
not reaching the requested tolerance 1e-08.
Use iteration 26 instead with accuracy 
1.9485237314012046e-05.

	Attention: Exited at iteration 100 with accuracies 
[0.0016]
not reaching the requested tolerance 1e-08.
Use iteration 20 instead with accuracy 
1.315449186923756e-05.

	Attention: Exited at iteration 100 with accuracies 
[0.0009]
not reaching the requested tolerance 1e-08.
Use iteration 26 instead with accuracy 
2.3107945842544316e-05.

	Attention: Exited at iteration 100 with accuracies 
[0.]
not reaching the requested tolerance 1e-08.
Use iteration 73 instead with accuracy 
4.757719035835568e-06.

	Attention: Exited at iteration 100 with accuracies 
[0.]
not reaching the requested tolerance 1e-08.
Use iteration 70 instead with accuracy 
4.790399365238919e-06.

	Attention: Exited at iteration 100 with accuracies 
[0.0006]
not reaching the requested tolerance 1e-08.
Use iteration 23 instead with accuracy 
1.4025369755477578e-05.

	Attention: Exited at iteration 100 with accuracies 
[0.0009]
not reaching the requested tolerance 1e-08.
Use iteration 37 instead with accuracy 
2.9408219179956493e-05.

	Attention: Exited at iteration 100 with accuracies 
[0.0012]
not reaching the requested tolerance 1e-08.
Use iteration 13 instead with accuracy 
1.8585011748270965e-05.

	Attention: Exited at iteration 100 with accuracies 
[0.]
not reaching the requested tolerance 1e-08.
Use iteration 99 instead with accuracy 
3.482370390930825e-07.

	Attention: Exited at iteration 100 with accuracies 
[0.]
not reaching the requested tolerance 1e-08.
Use iteration 91 instead with accuracy 
2.8141915592653466e-07.

	Attention: Exited at iteration 100 with accuracies 
[0.0008]
not reaching the requested tolerance 1e-08.
Use iteration 24 instead with accuracy 
1.7173005554629527e-05.

	Attention: Exited at iteration 100 with accuracies 
[0.001]
not reaching the requested tolerance 1e-08.
Use iteration 29 instead with accuracy 
1.7719086701315118e-05.

	Attention: Exited at iteration 100 with accuracies 
[0.0009]
not reaching the requested tolerance 1e-08.
Use iteration 21 instead with accuracy 
1.4517589466218974e-05.

	Attention: Exited at iteration 100 with accuracies 
[0.]
not reaching the requested tolerance 1e-08.
Use iteration 101 instead with accuracy 
4.372771632507717e-06.

	Attention: Exited at iteration 100 with accuracies 
[0.]
not reaching the requested tolerance 1e-08.
Use iteration 98 instead with accuracy 
8.730662198851474e-07.

	Attention: Exited at iteration 100 with accuracies 
[0.0016]
not reaching the requested tolerance 1e-08.
Use iteration 22 instead with accuracy 
1.387597614192886e-05.

	Attention: Exited at iteration 100 with accuracies 
[0.0012]
not reaching the requested tolerance 1e-08.
Use iteration 36 instead with accuracy 
2.8474794355198646e-05.

	Attention: Exited at iteration 100 with accuracies 
[0.0007]
not reaching the requested tolerance 1e-08.
Use iteration 14 instead with accuracy 
1.9664346257217133e-05.

	Attention: Exited at iteration 100 with accuracies 
[0.]
not reaching the requested tolerance 1e-08.
Use iteration 95 instead with accuracy 
1.9616854687847083e-06.

it 001 | main   | XZ  | ineq=active   | mu=1.39e-02 eta=1.00e-03 sigma=2.29e-03 | err c/p/d=6.86e-04/9.88e-01/1.02e+01 | ok=cpd | rmax X/Y/Z/T=41/5/19/18
it 002 | main   | XZ  | ineq=active   | mu=1.19e-03 eta=1.00e-03 sigma=2.90e-02 | err c/p/d=2.20e-04/3.40e-01/2.40e+00 | ok=cpd | rmax X/Y/Z/T=58/5/30/30
it 003 | main   | AHO | ineq=active   | mu=2.35e-03 eta=1.00e-03 sigma=6.03e-01 | err c/p/d=2.15e-04/2.74e-01/2.14e+00 | ok=cpd | rmax X/Y/Z/T=105/5/40/38
it 004 | main   | AHO | ineq=active   | mu=2.06e-04 eta=4.12e-04 sigma=1.65e-02 | err c/p/d=3.04e-05/2.03e-01/8.95e-02 | ok=Cpd | rmax X/Y/Z/T=113/6/47/44
it 005 | main   | AHO | ineq=active   | mu=1.90e-04 eta=3.80e-04 sigma=0.00e+00 | err c/p/d=2.15e-05/9.94e-03/4.69e-03 | ok=Cpd | rmax X/Y/Z/T=125/6/56/52
it 006 | main   | AHO | ineq=active   | mu=1.91e-04 eta=3.80e-04 sigma=0.00e+00 | err c/p/d=2.13e-05/3.43e-04/1.58e-03 | ok=CPd | rmax X/Y/Z/T=124/6/53/50
it 007 | main   | AHO | ineq=active   | mu=1.92e-04 eta=3.80e-04 sigma=0.00e+00 | err c/p/d=2.15e-05/1.74e-04/1.40e-03 | ok=CPd | rmax X/Y/Z/T=123/6/52/49
it 008 | finish | AHO | ineq=active   | mu=1.93e-04 eta=3.80e-04 sigma=0.00e+00 | err c/p/d=2.16e-05/1.16e-04/1.13e-03 | ok=CPD | rmax X/Y/Z/T=123/6/51/48
it 009 | finish | AHO | ineq=active   | mu=1.14e-04 eta=2.29e-04 sigma=0.00e+00 | err c/p/d=1.26e-05/9.44e-05/1.90e-03 | ok=CPd | rmax X/Y/Z/T=128/6/64/61
it 010 | finish | AHO | ineq=active   | mu=9.20e-05 eta=1.84e-04 sigma=0.00e+00 | err c/p/d=9.94e-06/8.02e-05/2.27e-03 | ok=CPd | rmax X/Y/Z/T=129/7/69/65
it 011 | finish | AHO | ineq=active   | mu=7.49e-05 eta=1.50e-04 sigma=0.00e+00 | err c/p/d=7.93e-06/6.50e-05/2.34e-03 | ok=CPd | rmax X/Y/Z/T=129/8/70/66
it 012 | finish | AHO | ineq=active   | mu=5.55e-05 eta=1.11e-04 sigma=0.00e+00 | err c/p/d=5.69e-06/4.54e-05/2.35e-03 | ok=CPd | rmax X/Y/Z/T=129/8/71/67
it 013 | finish | AHO | ineq=active   | mu=2.76e-05 eta=1.00e-04 sigma=0.00e+00 | err c/p/d=2.73e-06/2.34e-05/1.43e-03 | ok=CPd | rmax X/Y/Z/T=129/8/72/68
it 014 | finish | AHO | ineq=active   | mu=6.31e-06 eta=1.00e-04 sigma=0.00e+00 | err c/p/d=6.06e-07/5.90e-06/3.78e-04 | ok=CPD | rmax X/Y/Z/T=129/8/71/68

	⚠️ Attention: 
	Number of restarts exhausted, Relative Error = 1.445897e+00. Consider increasing rank ceiling.

	==> Full traceback (most recent call last):
Traceback (most recent call last):
  File "/vol/bitbucket/fjk20/projects/Tensor-Train-Interior-Point-Method/psd_system/corr_clust/../../src/tt_ipm.py", line 762, in _tt_ipm_newton_step
    Delta_tt, _ = solver(
                  ~~~~~~^
        lhs_pred_tt,
        ^^^^^^^^^^^^
    ...<5 lines>...
        strict_first_attempt=status.aho_direction,
        ^^^^^^^^^^^^^^^^^^^^^^^^^^^^^^^^^^^^^^^^^^
    )
    ^
  File "/vol/bitbucket/fjk20/projects/Tensor-Train-Interior-Point-Method/psd_system/corr_clust/../../src/tt_ipm.py", line 1191, in <lambda>
    solver_ineq = lambda lhs, rhs, x0, nwsp, restriction, termination_tol, strict_first_attempt=False: tt_restarted_block_amen(
                                                                                                       ~~~~~~~~~~~~~~~~~~~~~~~^
        lhs,
        ^^^^
    ...<9 lines>...
        strict_first_attempt=strict_first_attempt
        ^^^^^^^^^^^^^^^^^^^^^^^^^^^^^^^^^^^^^^^^^
    )
    ^
  File "/vol/bitbucket/fjk20/projects/Tensor-Train-Interior-Point-Method/psd_system/corr_clust/../../src/tt_als.py", line 799, in tt_restarted_block_amen
    raise RuntimeError(f"\n\tTarget residual not reached after first AMEn attempt, Relative Error = {rhs_norm / orig_rhs_norm:.3e}.")
RuntimeError: 
	Target residual not reached after first AMEn attempt, Relative Error = 3.481e-01.

During handling of the above exception, another exception occurred:

Traceback (most recent call last):
  File "/vol/bitbucket/fjk20/projects/Tensor-Train-Interior-Point-Method/psd_system/corr_clust/../../src/tt_ipm.py", line 777, in _tt_ipm_newton_step
    Delta_tt, _ = solver(lhs_pred_tt, rhs_pred_tt, status.mals_delta0, status.kkt_iterations + status.is_last_iter, status.mals_rank_restriction, status.eta)
                  ~~~~~~^^^^^^^^^^^^^^^^^^^^^^^^^^^^^^^^^^^^^^^^^^^^^^^^^^^^^^^^^^^^^^^^^^^^^^^^^^^^^^^^^^^^^^^^^^^^^^^^^^^^^^^^^^^^^^^^^^^^^^^^^^^^^^^^^^^^^
  File "/vol/bitbucket/fjk20/projects/Tensor-Train-Interior-Point-Method/psd_system/corr_clust/../../src/tt_ipm.py", line 1191, in <lambda>
    solver_ineq = lambda lhs, rhs, x0, nwsp, restriction, termination_tol, strict_first_attempt=False: tt_restarted_block_amen(
                                                                                                       ~~~~~~~~~~~~~~~~~~~~~~~^
        lhs,
        ^^^^
    ...<9 lines>...
        strict_first_attempt=strict_first_attempt
        ^^^^^^^^^^^^^^^^^^^^^^^^^^^^^^^^^^^^^^^^^
    )
    ^
  File "/vol/bitbucket/fjk20/projects/Tensor-Train-Interior-Point-Method/psd_system/corr_clust/../../src/tt_als.py", line 828, in tt_restarted_block_amen
    raise RuntimeError(f"\n\tNumber of restarts exhausted, Relative Error = {rhs_norm / orig_rhs_norm:3e}. Consider increasing rank ceiling.")
RuntimeError: 
	Number of restarts exhausted, Relative Error = 1.445897e+00. Consider increasing rank ceiling.
---Terminated---
Terminated in 15 iterations.
Ranks: X=[5, 17, 65, 129, 33, 9, 3, 3], Z=[5, 17, 56, 71, 21, 8, 3, 3], Y=[2, 4, 8, 8, 4, 2, 1, 1], T=[7, 19, 58, 68, 20, 8, 4, 4]
Run terminated after 15 iterations. Compl Slackness: 5.5025e-02. Feasibility error: 6.3383e-10. Dual Feasibility error: 2.2901e-06.
Run terminated in 8051.34s. Memory: 8978.05 MB.
Rerun with new seed 201 terminated. Feasibility error: 6.34e-10, dual feasibility error: 2.29e-06, slackness: 5.50e-02
Seed 201 terminated (feasibility error: 6.34e-10, dual feasibility error: 2.29e-06, slackness: 5.50e-02). Suggesting a new seed.
New seed suggested: 1014
Creating Problem for dim=9, rank=5...
===Terminated Graph Sampling=== rank:  [3, 5, 5, 5, 5, 5, 4, 2]
===Terminated Graph Sampling=== rank:  [1, 1, 1, 1, 1, 1, 1, 1]
Actual graph TT-rank: [3, 5, 5, 5, 5, 5, 4, 2]
Obj TT-rank: [3, 7, 9, 10, 10, 10, 7, 3]
it 000 | main   | XZ  | ineq=active   | mu=1.31e-01 eta=1.00e-03 sigma=5.00e-01 | err c/p/d=1.14e-03/1.06e+01/1.20e+01 | ok=cpd | rmax X/Y/Z/T=6/1/1/5
	Attention: Exited at iteration 100 with accuracies 
[0.]
not reaching the requested tolerance 1e-08.
Use iteration 98 instead with accuracy 
1.5861093896110158e-07.

	Attention: Exited at iteration 100 with accuracies 
[0.]
not reaching the requested tolerance 1e-08.
Use iteration 77 instead with accuracy 
4.802290845593716e-08.

it 001 | main   | XZ  | ineq=active   | mu=4.96e-02 eta=1.00e-03 sigma=8.83e-03 | err c/p/d=1.02e-03/4.07e+00/3.46e+00 | ok=cpd | rmax X/Y/Z/T=50/6/30/28
it 002 | main   | XZ  | ineq=active   | mu=3.25e-02 eta=1.00e-03 sigma=4.27e-01 | err c/p/d=1.16e-03/2.36e+00/3.30e+00 | ok=cpd | rmax X/Y/Z/T=177/6/59/54
it 003 | main   | AHO | ineq=active   | mu=1.68e-03 eta=1.00e-03 sigma=1.65e-02 | err c/p/d=4.33e-04/3.88e-01/2.85e+00 | ok=cpd | rmax X/Y/Z/T=192/13/82/71
it 004 | main   | AHO | ineq=active   | mu=2.49e-03 eta=1.00e-03 sigma=4.72e-01 | err c/p/d=3.44e-04/1.85e-01/2.21e+00 | ok=cpd | rmax X/Y/Z/T=202/12/77/68
it 005 | main   | AHO | ineq=active   | mu=1.70e-03 eta=1.00e-03 sigma=4.04e-01 | err c/p/d=2.50e-04/1.42e-01/1.22e+00 | ok=cpd | rmax X/Y/Z/T=198/11/75/67
it 006 | main   | AHO | ineq=active   | mu=1.28e-03 eta=1.00e-03 sigma=4.82e-01 | err c/p/d=2.17e-04/5.47e-02/8.56e-01 | ok=cpd | rmax X/Y/Z/T=199/10/73/65
it 007 | main   | AHO | ineq=active   | mu=9.60e-04 eta=1.00e-03 sigma=5.60e-01 | err c/p/d=1.73e-04/2.95e-02/5.54e-01 | ok=cpd | rmax X/Y/Z/T=198/10/71/64
it 008 | main   | AHO | ineq=active   | mu=6.68e-04 eta=1.00e-03 sigma=5.97e-01 | err c/p/d=1.24e-04/1.25e-02/3.06e-01 | ok=cpd | rmax X/Y/Z/T=199/9/69/63
it 009 | main   | AHO | ineq=active   | mu=3.59e-04 eta=7.19e-04 sigma=6.34e-01 | err c/p/d=6.21e-05/5.92e-03/1.10e-01 | ok=Cpd | rmax X/Y/Z/T=223/9/68/61
it 010 | main   | AHO | ineq=active   | mu=3.64e-04 eta=7.19e-04 sigma=0.00e+00 | err c/p/d=6.32e-05/1.67e-04/6.40e-03 | ok=CPd | rmax X/Y/Z/T=221/9/67/60
it 011 | main   | AHO | ineq=active   | mu=3.67e-04 eta=7.19e-04 sigma=0.00e+00 | err c/p/d=6.43e-05/5.99e-04/1.81e-03 | ok=CPd | rmax X/Y/Z/T=219/9/66/59
it 012 | main   | AHO | ineq=active   | mu=3.71e-04 eta=7.19e-04 sigma=0.00e+00 | err c/p/d=6.54e-05/1.05e-03/2.06e-03 | ok=Cpd | rmax X/Y/Z/T=217/9/65/59
it 013 | finish | AHO | ineq=active   | mu=3.72e-04 eta=7.19e-04 sigma=0.00e+00 | err c/p/d=6.60e-05/4.93e-04/5.27e-04 | ok=CPD | rmax X/Y/Z/T=216/10/65/59
it 014 | finish | AHO | ineq=active   | mu=2.56e-04 eta=5.12e-04 sigma=0.00e+00 | err c/p/d=4.33e-05/8.48e-04/2.74e-03 | ok=Cpd | rmax X/Y/Z/T=215/9/66/60
it 015 | finish | AHO | ineq=active   | mu=1.74e-04 eta=3.48e-04 sigma=0.00e+00 | err c/p/d=2.56e-05/9.83e-04/3.60e-03 | ok=Cpd | rmax X/Y/Z/T=240/8/67/61
it 016 | finish | AHO | ineq=active   | mu=1.68e-04 eta=3.35e-04 sigma=0.00e+00 | err c/p/d=2.46e-05/1.22e-03/3.95e-03 | ok=Cpd | rmax X/Y/Z/T=238/8/68/61
it 017 | finish | AHO | ineq=active   | mu=1.67e-04 eta=3.34e-04 sigma=0.00e+00 | err c/p/d=2.45e-05/1.47e-03/4.67e-03 | ok=Cpd | rmax X/Y/Z/T=237/8/67/60
Terminated
Process MemTimer-9:
❌ Error occurred for dim=9 (exit code 143)

==== All runs completed at Wed  3 Jun 17:42:13 BST 2026 ====
Traceback (most recent call last):
